src	trg	nij
Sondergaard	Jon Vejlemand	1.0
Sondergaard	Robin Che	1.0
Sondergaard	Anton Westerlin	1.0
Sondergaard	Kristian Rose	1.0
Sondergaard	Nomi & Loke	1.0
Sondergaard	Frommerjoe	1.0
Sondergaard	Lucas (DNK)	1.0
Sondergaard	Uden Filter	1.0
Sondergaard	Nikolaj Pellegrini	1.0
Sondergaard	MAANE	1.0
Sondergaard	Tobias Elkær	1.0
Sondergaard	Vejlemand	1.0
Sondergaard	Albert Heath	1.0
Denmark Vessey	Big Sen	1.0
Denmark Vessey	Merrill Garbus	1.0
Denmark Vessey	Earl Sweatshirt	1.0
Denmark Vessey	Chris Keys	1.0
Denmark Vessey	Quelle Chris	1.0
Denmark Vessey	E L U C I D	1.0
Denmark Vessey	Ronnie “Hands” Palmolive	1.0
Denmark Vessey	Maurese	1.0
Denmark Vessey	Cavalier	1.0
Denmark Vessey	Iman Omari	1.0
Denmark Vessey	Goose of Wasted Youth	1.0
Denmark Vessey	Vic Spencer	1.0
Denmark Vessey	DrxQuinnX	1.0
Denmark Vessey	​randomblackdude	1.0
Denmark Vessey	ADäD	1.0
Denmark Vessey	J Jig Cicero	1.0
Denmark Vessey	T-White	1.0
Denmark Vessey	​eLZhi	1.0
Denmark Vessey	Knxwledge	1.0
Denmark Vessey	Azarias	1.0
Denmark Vessey	Exile	1.0
Denmark Vessey	Tha God Fahim	1.0
Denmark Vessey	Yasiin Bey	1.0
Denmark Vessey	Crown Nation	1.0
Denmark Vessey	Gensu Dean	1.0
Denmark Vessey	Open Mike Eagle	1.0
Denmark Vessey	Conway the Machine	1.0
Denmark Vessey	MC Tree G	1.0
Denmark Vessey	Scud One	1.0
Denmark Vessey	Fresh Daily	1.0
Denmark Vessey	Tanya Morgan	1.0
Denmark Vessey	Mach-Hommy	1.0
Denmark Vessey	Guilty Simpson	1.0
Denmark Vessey	Sene	1.0
Denmark Vessey	Blu	1.0
Mumle	Svea S	1.0
Mumle	Oochie	1.0
Mumle	Jesper “Vivid” Vestergaard	1.0
Mumle	Magnus Østergaard	1.0
Mumle	Mark Steinbach	1.0
Mumle	Tim Steinbach	1.0
Mumle	Frederik Carstens	1.0
Mumle	Samuel Ledet	1.0
Mumle	Marcus.wav	1.0
Mumle	Berg (DNK)	1.0
Mumle	Orgi-E	1.0
Mumle	Andreas “Maskinen” Sommer	1.0
D1MA	Martin René	1.0
D1MA	Kasper Svare	1.0
D1MA	Villads Sofus Bertelsen	1.0
D1MA	Miggy Dela Rosa	1.0
D1MA	Frederik Thaae	1.0
D1MA	Østen	1.0
D1MA	Anton Westerlin	1.0
D1MA	Nolan Sarnicki	1.0
D1MA	Frank Moses	1.0
D1MA	Encore (Producer)	1.0
D1MA	Alibi (Producer)	1.0
D1MA	Nicki Pooyandeh	1.0
D1MA	SYL	1.0
D1MA	VC Barre	1.0
D1MA	Clara Sofie	1.0
D1MA	KEWAN LIGGER BEATET NORMALT	1.0
D1MA	Oliver Cilwik	1.0
D1MA	Tobias Rahim	1.0
Saveus	Coach & Sendo	1.0
Saveus	Arni Bergmann  Johannsson	1.0
Saveus	Simon MacGregor	1.0
Saveus	이수만 (Lee Soo Man)	1.0
Saveus	Fridolin Nordsø	1.0
Saveus	Frederik Nordsø	1.0
Saveus	JINBYJIN (진바이진)	1.0
Saveus	Park Geun Tae (박근태)	1.0
Saveus	カミカオル (KAMIKAORU)	1.0
Saveus	Frederik Thaae	1.0
Saveus	Harry Sommerdahl	1.0
Saveus	Søren Buhl Lassen	1.0
Saveus	Thomas Troelsen	1.0
Saveus	Remee	1.0
Saveus	Andrew Jackson	1.0
Saveus	임광욱 (Kei Lim)	1.0
Saveus	Mafly	1.0
Saveus	Nadine Coyle	1.0
Saveus	Jonathan Elkær	1.0
Saveus	Daniel Caesar (of Caesar & Loui)	1.0
Saveus	Ludwig Lindell	1.0
Saveus	전간디 (Jeon Gan Dhi)	1.0
Saveus	Christopher Luke Biddiscombe	1.0
Saveus	Bayboy Too Real	1.0
Saveus	Gilli	1.0
Ukendt Kunstner	Jens Ole McCoy	1.0
Ukendt Kunstner	Sivas	1.0
Ukendt Kunstner	Jesper “Vivid” Vestergaard	1.0
Ukendt Kunstner	Murro	1.0
Ukendt Kunstner	T-Minus	1.0
Ukendt Kunstner	Tue Track	1.0
Ukendt Kunstner	Lord Siva	1.0
Ukendt Kunstner	David Lincoln	1.0
Ukendt Kunstner	Rebecca Christel	1.0
Ukendt Kunstner	KESI	1.0
Ukendt Kunstner	Kimbo	1.0
Ukendt Kunstner	Gilli	1.0
Ukendt Kunstner	Semphiz	1.0
Ukendt Kunstner	Silas Moldenhawer	1.0
Ukendt Kunstner	Nick Kold Eriksen	1.0
Ukendt Kunstner	Ghost Notes	1.0
Ukendt Kunstner	Stepz (DNK)	1.0
Ukendt Kunstner	K.N.O.X. (DNK)	1.0
Ukendt Kunstner	Gio (DNK)	1.0
Ukendt Kunstner	Branco	1.0
Ukendt Kunstner	Tjes	1.0
Ukendt Kunstner	Sultan	1.0
Ukendt Kunstner	Ataf Khawaja	1.0
Ukendt Kunstner	ATYPISK	1.0
Ukendt Kunstner	Stat-Ez	1.0
Ukendt Kunstner	Skurken	1.0
Ukendt Kunstner	Mass Ebdrup	1.0
Ukendt Kunstner	Danny Davinci	1.0
Ukendt Kunstner	Artigeardit	1.0
Ukendt Kunstner	Caroline Henderson	1.0
Ukendt Kunstner	​tais	1.0
Ukendt Kunstner	F.P. Jac	1.0
Ukendt Kunstner	Morten McCoy	1.0
Ukendt Kunstner	Helge Rode	1.0
Ukendt Kunstner	Benny Jamz	1.0
Ukendt Kunstner	Hans Philip	1.0
Suspekt	Rune Rask	1.0
Suspekt	Troo.L.S.	1.0
Suspekt	Jonas Vestergaard	1.0
Suspekt	Lukas Graham	1.0
Suspekt	Tessa	1.0
Suspekt	Jooks	1.0
Suspekt	Benjamin Hav	1.0
Suspekt	TooManyLeftHands	1.0
Suspekt	Tina Dickow	1.0
Suspekt	Folkeklubben	1.0
Suspekt	Simon Jul	1.0
Suspekt	Fribytterdrømme	1.0
Suspekt	Xander Linnet	1.0
Suspekt	Benal	1.0
Suspekt	Olle Häggberg	1.0
Suspekt	Albert (DNK)	1.0
Suspekt	L.O.C.	1.0
Suspekt	Anne Linnet	1.0
Suspekt	USO	1.0
Suspekt	Marwan	1.0
Suspekt	Hennedub	1.0
Suspekt	URO	1.0
Suspekt	Mikael Simpson	1.0
Suspekt	HEDEGAARD	1.0
Suspekt	LX (DNK)	1.0
Suspekt	Bryxtofte	1.0
Suspekt	Aqua	1.0
Suspekt	Søren Kjærgaard	1.0
Suspekt	Louis Winding	1.0
Suspekt	Clemens	1.0
Suspekt	Kælderposen	1.0
Suspekt	KÅ (DNK)	1.0
Suspekt	Sidste Niveau	1.0
Suspekt	Tobias Rahim	1.0
Blæst	Samuel Ledet	1.0
Blæst	Valentin Buchwald	1.0
Blæst	Bjórn & Scheffmann	1.0
Blæst	Emil Harm	1.0
Blæst	Lamin	1.0
Blæst	Pitchshifters	1.0
Blæst	Mads Dyrst	1.0
Blæst	Frederik Nordsø	1.0
Blæst	Fridolin Nordsø	1.0
Blæst	Lauge Kjærulf	1.0
Blæst	Karl-Frederik Reichhardt	1.0
Blæst	Kvindelandsholdet	1.0
Blæst	Artigeardit	1.0
Blæst	Emil Falk	1.0
Blæst	Dusin	1.0
Blæst	SVEA	1.0
Blæst	Fernanda Rosa	1.0
Blæst	Anders Bondo	1.0
Blæst	Branco	1.0
KESI	B.O.C	1.0
KESI	Gilli	1.0
KESI	Sivas	1.0
KESI	Hennedub	1.0
KESI	Benny Jamz	1.0
KESI	Branco	1.0
KESI	Don Stefano	1.0
KESI	Hans Philip	1.0
KESI	Nicki Pooyandeh	1.0
KESI	Lamin	1.0
KESI	MAS	1.0
KESI	Kundo	1.0
KESI	Kimbo	1.0
KESI	MellemFingaMuzik	1.0
KESI	Young (DNK)	1.0
KESI	KIDD (DNK)	1.0
KESI	Jesper “Vivid” Vestergaard	1.0
KESI	Carl Barsk	1.0
KESI	Jens Ole McCoy	1.0
KESI	Noah Carter	1.0
KESI	Stepz (DNK)	1.0
KESI	Emil Ekelund	1.0
KESI	Mass Ebdrup	1.0
KESI	Rasmus Seebach	1.0
KESI	Skinz (DNK)	1.0
KESI	ICEKIID	1.0
KESI	Artigeardit	1.0
KESI	Semphiz	1.0
KESI	Stat-Ez	1.0
KESI	Jada	1.0
KESI	​​andreas odbjerg	1.0
KESI	Rob & Jenne	1.0
KESI	Asmus Harm	1.0
KESI	Chords	1.0
KESI	Lord Siva	1.0
KESI	Barbara Moleko	1.0
KESI	Adam Sampler	1.0
KESI	Clemens	1.0
KESI	Ataf Khawaja	1.0
KESI	ATYPISK	1.0
KESI	Lea Romea	1.0
KESI	Suriya	1.0
KESI	Emil Harm	1.0
KESI	KayReem Sylvest	1.0
KESI	​Johnson	1.0
KESI	Thor Farlov	1.0
KESI	Sofia Storck	1.0
KESI	Anton Westerlin	1.0
KESI	Emil Goll	1.0
KESI	Orgi-E	1.0
KESI	Faza	1.0
KESI	August Rosenbaum	1.0
KESI	​tais	1.0
KESI	Ish (DNK)	1.0
KESI	BAYA	1.0
KESI	DJ Phil	1.0
KESI	MAISHA (DNK)	1.0
KESI	Pernille Rosendahl	1.0
KESI	Sara Sadiq Frost	1.0
KESI	Wafande	1.0
KESI	Bai-D	1.0
KESI	Burhan G	1.0
KESI	Tessa	1.0
KESI	Tobias Rahim	1.0
KESI	Nik & Jay	1.0
KESI	Anthon Edwards	1.0
KESI	Brandon Beal	1.0
KESI	TopGunn	1.0
KESI	Xander Linnet	1.0
KESI	Carmon	1.0
KESI	Citybois	1.0
Gilli	Jens Ole McCoy	1.0
Gilli	MellemFingaMuzik	1.0
Gilli	Benny Jamz	1.0
Gilli	Hennedub	1.0
Gilli	NODE	1.0
Gilli	B.O.C	1.0
Gilli	Sivas	1.0
Gilli	Nicki Pooyandeh	1.0
Gilli	Branco	1.0
Gilli	Lukas Graham	1.0
Gilli	Murro	1.0
Gilli	6ix9ine	1.0
Gilli	KEWAN LIGGER BEATET NORMALT	1.0
Gilli	ICEKIID	1.0
Gilli	Noah Carter	1.0
Gilli	Kimbo	1.0
Gilli	Semphiz	1.0
Gilli	Toko	1.0
Gilli	Young (DNK)	1.0
Gilli	KIDD (DNK)	1.0
Gilli	Stepz (DNK)	1.0
Gilli	Lamin	1.0
Gilli	T&O	1.0
Gilli	Benjamin Hav	1.0
Gilli	Skurken	1.0
Gilli	Mr Eazi	1.0
Gilli	JOSVA	1.0
Gilli	K.N.O.X. (DNK)	1.0
Gilli	Gio (DNK)	1.0
Gilli	Tjes	1.0
Gilli	Sultan	1.0
Gilli	Ataf Khawaja	1.0
Gilli	ATYPISK	1.0
Gilli	Stat-Ez	1.0
Gilli	Mass Ebdrup	1.0
Gilli	Danny Davinci	1.0
Gilli	Amina	1.0
Gilli	Rasmus Seebach	1.0
Gilli	Nafe Smallz	1.0
Gilli	Daks (FRA)	1.0
Gilli	Miklo (DNK)	1.0
Gilli	GULEED	1.0
Gilli	Prinsess Jorge	1.0
Gilli	Hans Philip	1.0
Gilli	Clemens	1.0
Gilli	Malek (DNK)	1.0
Gilli	Hennen Beats	1.0
Gilli	Xander Linnet	1.0
Gilli	Thøger Dixgaard	1.0
Gilli	Cisilia	1.0
Gilli	Nabiha	1.0
Gilli	Anne Linnet	1.0
Gilli	Wafande	1.0
Gilli	Raske Penge	1.0
Gilli	Mette Lindberg	1.0
Gilli	Lucas Secon	1.0
Gilli	Govana	1.0
Gilli	​Denz	1.0
Gilli	Pato Pooh	1.0
Gilli	Orgi-E	1.0
Gilli	Makar	1.0
Gilli	BAYA	1.0
Gilli	DJ Phil	1.0
Gilli	Lukas Forchhammer	1.0
Gilli	Stanley Most	1.0
Gilli	Ethanol (DNK)	1.0
Gilli	Kasperbroue	1.0
Gilli	Thomas T	1.0
Gilli	MagerMayn	1.0
Gilli	Burhan G	1.0
Gilli	Nik & Jay	1.0
Gilli	Anton Westerlin	1.0
Gilli	Thor Farlov	1.0
Gilli	Sleiman	1.0
Gilli	Carmon	1.0
Rasmus Seebach	Seebach & Seebach	1.0
Rasmus Seebach	PhD	1.0
Rasmus Seebach	Ankerstjerne	1.0
Rasmus Seebach	Andreas “Maskinen” Sommer	1.0
Rasmus Seebach	Providers	1.0
Rasmus Seebach	Jonas Jeberg	1.0
Rasmus Seebach	Artigeardit	1.0
Rasmus Seebach	Peter Biker	1.0
Rasmus Seebach	Remee	1.0
Rasmus Seebach	Nik & Jay	1.0
Rasmus Seebach	Martin Sommer	1.0
Rasmus Seebach	B.O.C	1.0
Rasmus Seebach	Bjørnskov	1.0
Rasmus Seebach	Nicky Namah Furdal	1.0
Rasmus Seebach	Grizzle	1.0
Rasmus Seebach	Burhan G	1.0
Rasmus Seebach	Ianick	1.0
Rasmus Seebach	​​andreas odbjerg	1.0
Rasmus Seebach	Nicolai Seebach	1.0
Rasmus Seebach	Simon Sigfridsson	1.0
Rasmus Seebach	Svea S	1.0
Rasmus Seebach	Omar (DNK)	1.0
Rasmus Seebach	Jimilian	1.0
Rasmus Seebach	Fridolin Nordsø	1.0
Rasmus Seebach	FEJER	1.0
Rasmus Seebach	Esben “Es” Thornhal	1.0
Rasmus Seebach	Detail	1.0
Rasmus Seebach	Johanne Milland	1.0
Rasmus Seebach	Benny Jamz	1.0
Burhan G	Frida Brygmann	1.0
Burhan G	Nik & Jay	1.0
Burhan G	Medina (DNK)	1.0
Burhan G	Jooks	1.0
Burhan G	L.O.C.	1.0
Burhan G	Jens Rugsted	1.0
Burhan G	Thomas Helmig	1.0
Burhan G	Shaka Loveless	1.0
Burhan G	Ankerstjerne	1.0
Burhan G	Fedde Le Grand	1.0
Burhan G	Ezi Cut	1.0
Burhan G	KIDD (DNK)	1.0
Burhan G	Tobias Rahim	1.0
Burhan G	Jon & Jules	1.0
Burhan G	Seebach & Seebach	1.0
Burhan G	Peter Biker	1.0
Burhan G	Remee	1.0
Burhan G	Kasper Larsen	1.0
Burhan G	Ole Brodersen Meyer	1.0
Burhan G	Bjørnskov	1.0
Burhan G	B.O.C	1.0
Burhan G	Tessa	1.0
Burhan G	Pharfar	1.0
Burhan G	Xander Linnet	1.0
Burhan G	Caroline Franceska	1.0
Burhan G	NODE	1.0
Burhan G	Joey Moe	1.0
Burhan G	Rasmus Nøhr	1.0
Burhan G	Kinck	1.0
Burhan G	Claus Seest	1.0
Burhan G	Ben Thompson (DNK)	1.0
Burhan G	Salazar (DNK)	1.0
Burhan G	Isaac Kasule	1.0
Burhan G	Nicki Pooyandeh	1.0
Burhan G	Providers	1.0
Burhan G	Flemming Jensen	1.0
Burhan G	Hans Dal	1.0
Burhan G	Louis Winding	1.0
Burhan G	Frederik Nordsø	1.0
Burhan G	Eivør	1.0
Burhan G	Sarah West	1.0
Burhan G	Cisilia	1.0
Burhan G	Liive	1.0
Burhan G	Jimilian	1.0
Burhan G	Stepz (DNK)	1.0
Burhan G	Sivas	1.0
Burhan G	Outlandish	1.0
Burhan G	Fridolin Nordsø	1.0
Burhan G	Pil (DNK)	1.0
Burhan G	Jo Blaq	1.0
Burhan G	Flemming “Bamse” Jørgensen	1.0
Burhan G	Tommie Connor	1.0
Burhan G	Charli Brown (Rapper)	1.0
Burhan G	KEWAN LIGGER BEATET NORMALT	1.0
Burhan G	Jannik “Jay” Thomsen	1.0
Burhan G	Niclas “Nik” Petersen	1.0
Burhan G	Cornstick	1.0
Burhan G	Carl Knast	1.0
Burhan G	Alberte	1.0
Burhan G	Vilhelm Gregersen	1.0
Burhan G	Oh Land	1.0
Burhan G	Mogens Lorentzen	1.0
Burhan G	Egil Harder	1.0
Burhan G	LARS (DNK)	1.0
Burhan G	Orgi-E	1.0
Burhan G	Robert Wells	1.0
Burhan G	Mel Tormé	1.0
Burhan G	B. S. Ingemann	1.0
Burhan G	Franz Xaver Gruber	1.0
Burhan G	Tony Walther	1.0
Burhan G	René Cambony	1.0
Burhan G	Ida Corr	1.0
Burhan G	Walter Kent	1.0
Burhan G	Buck Ram	1.0
Burhan G	Kim Gannon	1.0
Burhan G	Waqas	1.0
Burhan G	Anthon Edwards	1.0
Burhan G	Karl William	1.0
Mikael Simpson	Ane Trolle	1.0
Mikael Simpson	Alice Carreri	1.0
Mikael Simpson	Frithjof Toksvig	1.0
Mikael Simpson	Jørgen Leth	1.0
Mikael Simpson	Klaus Q. Hedegaard	1.0
Mikael Simpson	Kenneth Andersen	1.0
Mikael Simpson	Ben Hillier	1.0
Mikael Simpson	Asger Baden	1.0
Mikael Simpson	Peder	1.0
Mikael Simpson	Rune Rask	1.0
Tessa	KayReem Sylvest	1.0
Tessa	Lille Høg	1.0
Tessa	Orgi-E	1.0
Tessa	Nicki Pooyandeh	1.0
Tessa	Christopher	1.0
Tessa	Mads Langer	1.0
Tessa	Lukas Graham	1.0
Tessa	Jada	1.0
Tessa	Don Stefano	1.0
Tessa	Saint clara	1.0
Tessa	Benjamin Hav	1.0
Tessa	Benjamin Lasnier	1.0
Tessa	Pilfinger	1.0
Tessa	Balken	1.0
Tessa	Søren-William Hardam Nohns	1.0
Tessa	Esben Zefting	1.0
Tessa	Karen Mukupa	1.0
Tessa	Søs Fenger	1.0
Tessa	Hooman Beats	1.0
Tessa	LEVON	1.0
Tessa	TopGunn	1.0
Tessa	T&O	1.0
Tessa	KEWAN LIGGER BEATET NORMALT	1.0
Tessa	DJ Aligator	1.0
Tessa	ICEKIID	1.0
Tessa	Asmus Harm	1.0
Tessa	Emil Harm	1.0
Tessa	Livid	1.0
Tessa	Azhar Saleh	1.0
Tessa	LukasBL	1.0
Tessa	Lamin	1.0
Tessa	Benny Jamz	1.0
Tessa	Asbjørn	1.0
Tessa	Jamie Kamara	1.0
Tessa	Anton Westerlin	1.0
Tessa	Pierre	1.0
Tessa	Denise joan	1.0
Tessa	Buse - Coffee and Crescendos	1.0
Tessa	Romy	1.0
Tessa	Mark de Groot	1.0
Tessa	Davey	1.0
Tessa	Sneak (Dutch)	1.0
Tessa	Stijn	1.0
Tessa	Ankerstjerne	1.0
Tessa	Karl William	1.0
Tessa	Rune Rask	1.0
Benny Jamz	MellemFingaMuzik	1.0
Benny Jamz	B.O.C	1.0
Benny Jamz	Branco	1.0
Benny Jamz	Sivas	1.0
Benny Jamz	Ish (DNK)	1.0
Benny Jamz	​tais	1.0
Benny Jamz	Nicki Pooyandeh	1.0
Benny Jamz	Hennedub	1.0
Benny Jamz	Lamin	1.0
Benny Jamz	MAS	1.0
Benny Jamz	Kundo	1.0
Benny Jamz	Kimbo	1.0
Benny Jamz	Albino	1.0
Benny Jamz	Stepz (DNK)	1.0
Benny Jamz	Noah Carter	1.0
Benny Jamz	T&O	1.0
Benny Jamz	Hossy	1.0
Benny Jamz	K.N.O.X. (DNK)	1.0
Benny Jamz	Gio (DNK)	1.0
Benny Jamz	Semphiz	1.0
Benny Jamz	Tjes	1.0
Benny Jamz	Sultan	1.0
Benny Jamz	Ataf Khawaja	1.0
Benny Jamz	ATYPISK	1.0
Benny Jamz	Stat-Ez	1.0
Benny Jamz	Skurken	1.0
Benny Jamz	Mass Ebdrup	1.0
Benny Jamz	Danny Davinci	1.0
Benny Jamz	AMRO	1.0
Benny Jamz	Packness	1.0
Benny Jamz	Malek (DNK)	1.0
Benny Jamz	Anton Westerlin	1.0
Benny Jamz	Jacobsen	1.0
Benny Jamz	Lord Siva	1.0
Benny Jamz	Govana	1.0
Benny Jamz	Adam Sampler	1.0
Benny Jamz	Jesper “Vivid” Vestergaard	1.0
Benny Jamz	Orgi-E	1.0
Benny Jamz	Mike Lowrey	1.0
Benny Jamz	Oliver Zoéga	1.0
Benny Jamz	Lukas Forchhammer	1.0
Benny Jamz	KIDD (DNK)	1.0
Benny Jamz	Stanley Most	1.0
Benny Jamz	FSL	1.0
Benny Jamz	Wafande	1.0
Benny Jamz	Skinz (DNK)	1.0
Benny Jamz	Hans Philip	1.0
Benny Jamz	NODE	1.0
Benny Jamz	Jamaika	1.0
Benny Jamz	Carmon	1.0
Gobs	Jeppe Rønn	1.0
Gobs	UPNORTH	1.0
Gobs	One Two	1.0
Gobs	Mike Lowrey	1.0
Gobs	Jimilian	1.0
Gobs	Oochie	1.0
Gobs	Kephoi	1.0
Gobs	J.R. (DNK)	1.0
Gobs	David Björk	1.0
Gobs	Carl-Philip Ström	1.0
Gobs	Frederik Smith-Petersen	1.0
Gobs	NODE	1.0
Gobs	Jesper “Vivid” Vestergaard	1.0
Gobs	Ramz (DNK)	1.0
Gobs	Hjalmer	1.0
Gobs	Thomas Helmig	1.0
Gobs	Ricky Rich	1.0
Gobs	Lasse Skriver	1.0
Gobs	Fouli	1.0
Gobs	MAS	1.0
Gobs	ICEKIID	1.0
Gobs	Lukas Visti	1.0
Gobs	Aitch	1.0
Gobs	Branco	1.0
Gobs	Lasse Kristensen	1.0
Gobs	Mike Lowery	1.0
Gobs	Mads Langer	1.0
Gobs	Jamaika	1.0
Gobs	Hkeem	1.0
Gobs	PON CHO	1.0
Gobs	Ericka Jane	1.0
Gobs	Daniel Scheffmann	1.0
Gobs	Ole Bjørn	1.0
Gobs	Malte Ebert	1.0
Joey Moe	Jon & Jules	1.0
Joey Moe	Kasper Falkenberg	1.0
Joey Moe	Ole Brodersen Meyer	1.0
Joey Moe	Kasper Larsen	1.0
Joey Moe	Morten Casual	1.0
Joey Moe	Rune Braager	1.0
Joey Moe	Daniel Lund Jørgensen	1.0
Joey Moe	Lasse Baunkilde	1.0
Joey Moe	Puma	1.0
Joey Moe	Jay Made	1.0
Joey Moe	Cas (DNK)	1.0
Joey Moe	Young (DNK)	1.0
Joey Moe	Tue Track	1.0
Joey Moe	​Johnson	1.0
Joey Moe	Jøden	1.0
Joey Moe	J-Spliff	1.0
Joey Moe	Per Vers	1.0
Joey Moe	Niarn	1.0
Joey Moe	Jonny Hefty	1.0
Joey Moe	L.O.C.	1.0
Joey Moe	Mester Jacob	1.0
Joey Moe	Pede B	1.0
Joey Moe	Majid	1.0
Joey Moe	Marwan	1.0
Joey Moe	Ataf Khawaja	1.0
Joey Moe	Alex Ambrose	1.0
Joey Moe	Nik & Jay	1.0
Joey Moe	Anders Matthesen	1.0
Joey Moe	Michell Berthou	1.0
Joey Moe	Cisilia	1.0
Joey Moe	Lasse Lindorff	1.0
Joey Moe	Thomas Sardorff	1.0
Joey Moe	Barbara Moleko	1.0
Joey Moe	Carl Altino	1.0
Joey Moe	Ankerstjerne	1.0
Joey Moe	Hooman Beats	1.0
Joey Moe	DIBSET	1.0
Joey Moe	Nexus Music	1.0
Joey Moe	Pete Fox	1.0
Joey Moe	Kay & Ndustry	1.0
Joey Moe	Zenia Jeanine	1.0
Joey Moe	Kaliber (DNK)	1.0
Joey Moe	Fridolin Nordsø	1.0
Joey Moe	Can Cetin	1.0
Joey Moe	AlsBeatz	1.0
Joey Moe	Nadia Malm	1.0
Joey Moe	Tony Catania	1.0
Joey Moe	John Larkin	1.0
Joey Moe	Jørgen Olsen	1.0
Joey Moe	Rasmus Nøhr	1.0
Joey Moe	MORTEN (DNK)	1.0
Joey Moe	Clemens	1.0
Joey Moe	Lupe Moe	1.0
Joey Moe	Danmark	1.0
Joey Moe	Jeanette Zeniia	1.0
Joey Moe	Uno Svenningsson	1.0
Joey Moe	Søs Fenger	1.0
Joey Moe	Khani	1.0
Joey Moe	Jeffrey (DNK)	1.0
Joey Moe	V (DNK)	1.0
Joey Moe	Wafande	1.0
Joey Moe	Mattias Kolstrup	1.0
Joey Moe	B-Case	1.0
Joey Moe	Nick McCord	1.0
Joey Moe	Mad Mark	1.0
Joey Moe	Claes Antonsen	1.0
Joey Moe	Dice (DNK)	1.0
Joey Moe	Saqib	1.0
Joey Moe	Xander Linnet	1.0
Joey Moe	L.I.G.A	1.0
Joey Moe	Peter Pilegaard	1.0
Joey Moe	Rasmus Thude	1.0
Joey Moe	Sune Starfeldt	1.0
Joey Moe	Jokeren	1.0
Joey Moe	Anne Linnet	1.0
Joey Moe	Lina Rafn	1.0
Joey Moe	Paw Lagermann	1.0
Joey Moe	Adam Powers	1.0
Joey Moe	Rocky Moe	1.0
Joey Moe	Thomas Volmer Shulz	1.0
Joey Moe	Klemmesen&Mo	1.0
Joey Moe	Svenstrup & Vendelboe	1.0
Joey Moe	13Beats	1.0
Joey Moe	Alexander Odden	1.0
Joey Moe	Allan Mortensen	1.0
Joey Moe	Ude Af Kontrol	1.0
Djämes Braun	TopGunn	1.0
Djämes Braun	Nonsens	1.0
Djämes Braun	Pilfinger	1.0
Djämes Braun	Specktors	1.0
Djämes Braun	Mette Lindberg	1.0
Djämes Braun	Steggerbomben	1.0
Djämes Braun	Shaka Loveless	1.0
Djämes Braun	Klumben	1.0
Djämes Braun	Niklas	1.0
Djämes Braun	Yo Johnny	1.0
Djämes Braun	Barbara Moleko	1.0
Djämes Braun	William Bry	1.0
Djämes Braun	Kent Pedersen	1.0
Djämes Braun	Marty James	1.0
Djämes Braun	Ude Af Kontrol	1.0
Djämes Braun	Fouli	1.0
Benjamin Hav	Albert (DNK)	1.0
Benjamin Hav	Lukas Graham	1.0
Benjamin Hav	Christopher	1.0
Benjamin Hav	Mads Langer	1.0
Benjamin Hav	Jada	1.0
Benjamin Hav	Don Stefano	1.0
Benjamin Hav	Saint clara	1.0
Benjamin Hav	TooManyLeftHands	1.0
Benjamin Hav	Pind	1.0
Benjamin Hav	Lasse Joen Sørensen	1.0
Benjamin Hav	Peter A.G.	1.0
Benjamin Hav	Simon Dyrberg von Spreckelsen	1.0
Benjamin Hav	Nonsens	1.0
Benjamin Hav	Emil Falk	1.0
Benjamin Hav	Wads	1.0
Benjamin Hav	Emil Kruse	1.0
Benjamin Hav	Skurken	1.0
Benjamin Hav	Sivas	1.0
Benjamin Hav	MellemFingaMuzik	1.0
Benjamin Hav	Bashir Billow	1.0
Benjamin Hav	Er De Sjældne	1.0
Benjamin Hav	JOSVA	1.0
Benjamin Hav	Orgi-E	1.0
Benjamin Hav	Artigeardit	1.0
Benjamin Hav	Carl Knast	1.0
Benjamin Hav	Cecilie Noer	1.0
Benjamin Hav	Katinka Band	1.0
Benjamin Hav	Clara Sofie	1.0
Benjamin Hav	LittGloss	1.0
Benjamin Hav	Ella Augusta	1.0
Benjamin Hav	Medina (DNK)	1.0
Benjamin Hav	HEDEGAARD	1.0
Benjamin Hav	Lamin	1.0
Benjamin Hav	Takjacob	1.0
Benjamin Hav	Carsten Heller	1.0
Benjamin Hav	KÅ (DNK)	1.0
Benjamin Hav	Søren Huss	1.0
Benjamin Hav	Marie Key	1.0
Benjamin Hav	Nixen	1.0
Benjamin Hav	Pede B	1.0
Benjamin Hav	Søren Jensen Buhl	1.0
Benjamin Hav	Tobias Rahim	1.0
Benjamin Hav	Esben Iversen	1.0
Benjamin Hav	Christian Finne	1.0
Benjamin Hav	Wayz (DNK)	1.0
Benjamin Hav	Benal	1.0
Benjamin Hav	DJ Noize	1.0
Benjamin Hav	Novum	1.0
Benjamin Hav	MarcieFresh	1.0
Benjamin Hav	Liv Lykke	1.0
Benjamin Hav	Semphiz	1.0
Benjamin Hav	Loke Deph	1.0
Benjamin Hav	Fred The Future	1.0
Benjamin Hav	Simon Jul	1.0
Benjamin Hav	Tina Dickow	1.0
Benjamin Hav	Benjamin Hav & Familien	1.0
Benjamin Hav	Pilfinger	1.0
Benjamin Hav	LukasBL	1.0
Benjamin Hav	Andreas Ringblom	1.0
Benjamin Hav	Zookeepers	1.0
Benjamin Hav	L.O.C.	1.0
Benjamin Hav	Tue Track	1.0
Benjamin Hav	Mr. Mo (DNK)	1.0
Benjamin Hav	​larry lovløs	1.0
Benjamin Hav	Stanley Most	1.0
Benjamin Hav	Esben “Es” Thornhal	1.0
Benjamin Hav	LuxXx	1.0
Benjamin Hav	Laura Petersen	1.0
Benjamin Hav	5FingaDisKount	1.0
Benjamin Hav	Mike Raw	1.0
Benjamin Hav	Shaman E. Twain	1.0
Benjamin Hav	EE (DNK)	1.0
Benjamin Hav	Inspired (DNK)	1.0
Benjamin Hav	Donnie Deee	1.0
Benjamin Hav	Face (DNK)	1.0
Benjamin Hav	MikL (DNK)	1.0
Benjamin Hav	Cab (DNK)	1.0
Benjamin Hav	Anton Westerlin	1.0
Benjamin Hav	Branco	1.0
Benjamin Hav	TopGunn	1.0
Benjamin Hav	Karl William	1.0
Benjamin Hav	Lord Siva	1.0
Benjamin Hav	Rune Rask	1.0
Tobias Rahim	​​andreas odbjerg	1.0
Tobias Rahim	ICEKIID	1.0
Tobias Rahim	Arto Eriksen	1.0
Tobias Rahim	Søren Bech	1.0
Tobias Rahim	Jacob Brøndlund	1.0
Tobias Rahim	Fridolin	1.0
Tobias Rahim	Frederik Nordsø	1.0
Tobias Rahim	Ben Legit	1.0
Tobias Rahim	Victor Leksell	1.0
Tobias Rahim	KIDD (DNK)	1.0
Tobias Rahim	ZK	1.0
Tobias Rahim	AySay	1.0
Tobias Rahim	JOSVA	1.0
Tobias Rahim	Velour (DNK)	1.0
Tobias Rahim	Fridolin Nordsø	1.0
Tobias Rahim	Niels Brandt	1.0
Tobias Rahim	Delara	1.0
Tobias Rahim	Klumben	1.0
Tobias Rahim	Ida Laurberg	1.0
Tobias Rahim	Artigeardit	1.0
Tobias Rahim	Mille	1.0
Tobias Rahim	Fred The Future	1.0
Tobias Rahim	Marvin S	1.0
Tobias Rahim	Lamin	1.0
Tobias Rahim	Barcode Brothers	1.0
Tobias Rahim	Anton Westerlin	1.0
Tobias Rahim	Kabusa Oriental Choir	1.0
Tobias Rahim	Chief 1	1.0
Tobias Rahim	Alexander Palm	1.0
Tobias Rahim	Frederik Carstens	1.0
Tobias Rahim	Emil Falk	1.0
Tobias Rahim	Denzil “DR” Remedios	1.0
Tobias Rahim	Adam Hillebrandt	1.0
Tobias Rahim	Awinbeh	1.0
Tobias Rahim	Emil Kruse	1.0
Tobias Rahim	Marwan	1.0
Tobias Rahim	Mattias Kalstrup	1.0
Tobias Rahim	Hennedub	1.0
Tobias Rahim	Molly Sandén	1.0
Tobias Rahim	Oliver Cilwik	1.0
Tobias Rahim	KÅ (DNK)	1.0
Tobias Rahim	Mingus Eriksen	1.0
Tobias Rahim	NamahFalcon	1.0
Tobias Rahim	Emil Rønnow	1.0
Tobias Rahim	Fresh-I	1.0
Tobias Rahim	Carl Knast	1.0
Tobias Rahim	Zuloo	1.0
Tobias Rahim	Camilo Fernandez	1.0
Tobias Rahim	Andreas Iversen	1.0
Tobias Rahim	Cyno MC	1.0
Tobias Rahim	Mighty One	1.0
Tobias Rahim	Yerki	1.0
Tobias Rahim	Ankerstjerne	1.0
Artigeardit	Adam Hillebrandt	1.0
Artigeardit	Lamin	1.0
Artigeardit	Mike Lowrey	1.0
Artigeardit	Kephoi	1.0
Artigeardit	Rob & Jenne	1.0
Artigeardit	Frederik Thaae	1.0
Artigeardit	Anton Westerlin	1.0
Artigeardit	MIC (DNK)	1.0
Artigeardit	LEVON	1.0
Artigeardit	KEWAN LIGGER BEATET NORMALT	1.0
Artigeardit	Marcus Gordon	1.0
Artigeardit	Barselona	1.0
Artigeardit	Marius Iversen	1.0
Artigeardit	Alfred Thomas	1.0
Artigeardit	Karl William	1.0
Artigeardit	Orgi-E	1.0
Artigeardit	Carl Knast	1.0
Artigeardit	JOSVA	1.0
Artigeardit	Sivas	1.0
Artigeardit	Lukas Graham	1.0
Artigeardit	Vera	1.0
Artigeardit	MØ	1.0
Artigeardit	Balken	1.0
Artigeardit	Christos (DNK)	1.0
Artigeardit	Medina (DNK)	1.0
Artigeardit	ICEKIID	1.0
Artigeardit	Gordon Ramz	1.0
Artigeardit	Carmon	1.0
Artigeardit	Ida Laurberg	1.0
Artigeardit	MAS	1.0
Artigeardit	FRAADS	1.0
Artigeardit	Noah Carter	1.0
Artigeardit	Awinbeh	1.0
Artigeardit	Jamie Kamara	1.0
Artigeardit	Murro	1.0
Artigeardit	Lord Siva	1.0
Artigeardit	Gio (DNK)	1.0
Artigeardit	Jimilian	1.0
Artigeardit	Jelassi	1.0
Artigeardit	CC (DNK)	1.0
Artigeardit	​​andreas odbjerg	1.0
Artigeardit	Lea Romea	1.0
Artigeardit	GUSTO (DNK)	1.0
Artigeardit	Fazli	1.0
Artigeardit	Moon Afflick	1.0
Artigeardit	Edon	1.0
Artigeardit	Nicki Pooyandeh	1.0
Artigeardit	Barbara Moleko	1.0
Artigeardit	August Høyen	1.0
Artigeardit	Bette	1.0
Artigeardit	Jens Ole McCoy	1.0
Artigeardit	Johnny Juliano	1.0
Artigeardit	Cardo Got Wings	1.0
Artigeardit	Livid	1.0
Artigeardit	Hans Philip	1.0
Artigeardit	Branco	1.0
Artigeardit	Ankerstjerne	1.0
Artigeardit	Pede B	1.0
Nik & Jay	Jon & Jules	1.0
Nik & Jay	Jannik “Jay” Thomsen	1.0
Nik & Jay	Niclas “Nik” Petersen	1.0
Nik & Jay	Andreas “Maskinen” Sommer	1.0
Nik & Jay	Thomas Anderson	1.0
Nik & Jay	Puma	1.0
Nik & Jay	Claus Holm	1.0
Nik & Jay	MORTEN (DNK)	1.0
Nik & Jay	Rewan Riko	1.0
Nik & Jay	Julie Berthelsen	1.0
Nik & Jay	Landsholdet	1.0
Nik & Jay	Young (DNK)	1.0
Nik & Jay	KIDD (DNK)	1.0
Nik & Jay	Seebach & Seebach	1.0
Nik & Jay	Peter Biker	1.0
Nik & Jay	Remee	1.0
Nik & Jay	Niels Kirk	1.0
Nik & Jay	L.O.C.	1.0
Nik & Jay	Klaus Christensen	1.0
Nik & Jay	Lisa Rowe	1.0
Nik & Jay	Søren Huss	1.0
Nik & Jay	Seeloya	1.0
Nik & Jay	Tony Lavidas	1.0
Nik & Jay	Thomas Andersson	1.0
Nik & Jay	Eivør	1.0
Nik & Jay	Kristian Leth	1.0
Nik & Jay	Kasper Falkenberg	1.0
Nik & Jay	De Dødelige	1.0
Nik & Jay	When Saints Go Machine	1.0
Nik & Jay	Scarlet Pleasure	1.0
Nik & Jay	Thomas Hørby Andersson	1.0
Nik & Jay	Heino Hansen	1.0
Nik & Jay	ChriZ	1.0
Nik & Jay	Chriz & Heino	1.0
Hans Philip	Jens Ole McCoy	1.0
Hans Philip	Sivas	1.0
Hans Philip	Jesper “Vivid” Vestergaard	1.0
Hans Philip	Murro	1.0
Hans Philip	T-Minus	1.0
Hans Philip	Ish (DNK)	1.0
Hans Philip	​tais	1.0
Hans Philip	Tue Track	1.0
Hans Philip	Lord Siva	1.0
Hans Philip	David Lincoln	1.0
Hans Philip	Rebecca Christel	1.0
Hans Philip	Don Stefano	1.0
Hans Philip	Kimbo	1.0
Hans Philip	Semphiz	1.0
Hans Philip	Silas Moldenhawer	1.0
Hans Philip	Nick Kold Eriksen	1.0
Hans Philip	KOPS	1.0
Hans Philip	Ghost Notes	1.0
Hans Philip	Morten McCoy	1.0
Hans Philip	Christian Rohde Lindinger	1.0
Hans Philip	Stepz (DNK)	1.0
Hans Philip	K.N.O.X. (DNK)	1.0
Hans Philip	Gio (DNK)	1.0
Hans Philip	Branco	1.0
Hans Philip	Tjes	1.0
Hans Philip	Sultan	1.0
Hans Philip	Ataf Khawaja	1.0
Hans Philip	ATYPISK	1.0
Hans Philip	Stat-Ez	1.0
Hans Philip	Skurken	1.0
Hans Philip	Mass Ebdrup	1.0
Hans Philip	Danny Davinci	1.0
Hans Philip	Hennedub	1.0
Hans Philip	Mathias Klysner	1.0
Hans Philip	Mads Muurholm	1.0
Hans Philip	Wahid Zaferan	1.0
Hans Philip	Carl Barsk	1.0
Hans Philip	Caroline Henderson	1.0
Hans Philip	Andreas Murga	1.0
Hans Philip	Lamin	1.0
Hans Philip	Rob & Jenne	1.0
Hans Philip	August Rosenbaum	1.0
Hans Philip	Bertram Levin	1.0
Hans Philip	Skørmand	1.0
Hans Philip	TopGunn	1.0
Hans Philip	Noah Carter	1.0
Hans Philip	Albert Von Bülow	1.0
Hans Philip	Christian Balvig	1.0
Hans Philip	Jonathan Schultz (DNK)	1.0
Hans Philip	Matsmoments	1.0
Hans Philip	Musti Mousetee	1.0
Hans Philip	DJ Noize	1.0
Hans Philip	The Minds Of 99	1.0
Anton Westerlin	Lamin	1.0
Anton Westerlin	Houli	1.0
Anton Westerlin	ProdbyTY	1.0
Anton Westerlin	Frederik Thaae	1.0
Anton Westerlin	Adam Hillebrandt	1.0
Anton Westerlin	B.O.C	1.0
Anton Westerlin	Annika	1.0
Anton Westerlin	Kayvahn	1.0
Anton Westerlin	Noah Carter	1.0
Anton Westerlin	ozzy	1.0
Anton Westerlin	JOSVA	1.0
Anton Westerlin	ICEKIID	1.0
Anton Westerlin	Sivas	1.0
Anton Westerlin	Pil (DNK)	1.0
Anton Westerlin	Mille	1.0
Anton Westerlin	Medina (DNK)	1.0
Anton Westerlin	Nolan Sarnicki	1.0
Anton Westerlin	Frank Moses	1.0
Anton Westerlin	Kundo	1.0
Anton Westerlin	Encore (Producer)	1.0
Anton Westerlin	Alibi (Producer)	1.0
Anton Westerlin	Kristian Rose	1.0
Anton Westerlin	Carl Altino	1.0
Anton Westerlin	Ida Laurberg	1.0
Anton Westerlin	Emil Falk	1.0
Anton Westerlin	PAY (DNK)	1.0
Anton Westerlin	Jay Made	1.0
Anton Westerlin	Oliver Zoéga	1.0
Anton Westerlin	Karl William	1.0
Anton Westerlin	MAS	1.0
Anton Westerlin	Feels	1.0
Anton Westerlin	Chanelbigs	1.0
Anton Westerlin	Gio (DNK)	1.0
Anton Westerlin	Jelassi	1.0
Anton Westerlin	Thor Farlov	1.0
Anton Westerlin	Clara Sofie	1.0
Anton Westerlin	Marcus Gordon	1.0
Anton Westerlin	JEFF3	1.0
Anton Westerlin	​Johnson	1.0
Anton Westerlin	Jacobsen	1.0
Anton Westerlin	Gordon Ramz	1.0
Anton Westerlin	​​andreas odbjerg	1.0
Anton Westerlin	Lea Romea	1.0
Anton Westerlin	Lord Siva	1.0
Anton Westerlin	Asmus Harm	1.0
Anton Westerlin	Emil Harm	1.0
Anton Westerlin	Martin René	1.0
Anton Westerlin	DjAry	1.0
Anton Westerlin	Sira Jovina	1.0
Anton Westerlin	​wicky	1.0
Anton Westerlin	RH	1.0
Anton Westerlin	MAISHA (DNK)	1.0
Anton Westerlin	August Høyen	1.0
Anton Westerlin	Bette	1.0
Anton Westerlin	Marius Iversen	1.0
Anton Westerlin	Sara Sadiq Frost	1.0
Anton Westerlin	Basim	1.0
Anton Westerlin	BASTIAAN	1.0
Anton Westerlin	Søren Elsborg	1.0
Anton Westerlin	Stefan Luth	1.0
Anton Westerlin	Sons of Sonix	1.0
Anton Westerlin	Anthon Edwards	1.0
Anton Westerlin	Østen	1.0
Anton Westerlin	Carmon	1.0
Anton Westerlin	Jimilian	1.0
Noah Carter	Branco	1.0
Noah Carter	Hennedub	1.0
Noah Carter	Jens Ole McCoy	1.0
Noah Carter	ICEKIID	1.0
Noah Carter	Sivas	1.0
Noah Carter	Lamin	1.0
Noah Carter	B.O.C	1.0
Noah Carter	Kimbo	1.0
Noah Carter	Semphiz	1.0
Noah Carter	Stat-Ez	1.0
Noah Carter	Adam Hillebrandt	1.0
Noah Carter	Hossy	1.0
Noah Carter	Rob & Jenne	1.0
Noah Carter	Reza	1.0
Noah Carter	ozzy	1.0
Noah Carter	Noodle	1.0
Noah Carter	Fresh-I	1.0
Noah Carter	Nicki Pooyandeh	1.0
Noah Carter	Ella Augusta	1.0
Noah Carter	Harm Brothers	1.0
Noah Carter	NS Luko	1.0
Noah Carter	Asmus Harm	1.0
Noah Carter	Emil Harm	1.0
Noah Carter	MAS	1.0
Noah Carter	Vera	1.0
Noah Carter	School of X	1.0
Noah Carter	Sira Jovina	1.0
Noah Carter	Urban Nerd	1.0
Noah Carter	T&O	1.0
Noah Carter	Thor Farlov	1.0
Noah Carter	Chanelbigs	1.0
Noah Carter	Prod Villa	1.0
Noah Carter	August Rosenbaum	1.0
Noah Carter	JEURU	1.0
Noah Carter	Columbus Marslew	1.0
Noah Carter	​tais	1.0
Noah Carter	Sun God	1.0
Noah Carter	Freja Kirk	1.0
Noah Carter	Carmon	1.0
Noah Carter	Lord Siva	1.0
Shu-Bi-Dua	Per Stan	1.0
Shu-Bi-Dua	Holger Drachmann	1.0
Shu-Bi-Dua	DR Radiounderholdningsorkestret	1.0
Shu-Bi-Dua	Simon Sigfridsson	1.0
Shu-Bi-Dua	Andreas “Maskinen” Sommer	1.0
Shu-Bi-Dua	Seebach & Seebach	1.0
Shu-Bi-Dua	Bent Fabric	1.0
Branco	MellemFingaMuzik	1.0
Branco	Larry (DNK)	1.0
Branco	Nicki Pooyandeh	1.0
Branco	Livid	1.0
Branco	Joshua Duncan	1.0
Branco	Tobias Aldin	1.0
Branco	T&O	1.0
Branco	Pepsi	1.0
Branco	Sivas	1.0
Branco	Kamelen	1.0
Branco	Stepz (DNK)	1.0
Branco	Skurken	1.0
Branco	Reza	1.0
Branco	Apobeats (DNK)	1.0
Branco	Lukas Graham	1.0
Branco	K.N.O.X. (DNK)	1.0
Branco	Gio (DNK)	1.0
Branco	Semphiz	1.0
Branco	Tjes	1.0
Branco	Sultan	1.0
Branco	Ataf Khawaja	1.0
Branco	ATYPISK	1.0
Branco	Stat-Ez	1.0
Branco	Mass Ebdrup	1.0
Branco	Kimbo	1.0
Branco	Danny Davinci	1.0
Branco	Amina	1.0
Branco	Nafe Smallz	1.0
Branco	Daks (FRA)	1.0
Branco	Kasper Svare	1.0
Branco	KEWAN LIGGER BEATET NORMALT	1.0
Branco	David Benja	1.0
Branco	Villads Sofus Bertelsen	1.0
Branco	Kojo Funds	1.0
Branco	Akhee	1.0
Branco	Dree Low	1.0
Branco	Yasin	1.0
Branco	Trey & Zay	1.0
Branco	Oskar Sveidahl Svarre	1.0
Branco	Yung Vilhelm	1.0
Branco	Jimilian	1.0
Branco	ICEKIID	1.0
Branco	Jamaika	1.0
Branco	Søren-William Hardam Nohns	1.0
Branco	Esben Zefting	1.0
Branco	Makalo	1.0
Branco	Ramz (DNK)	1.0
Branco	ManLikeDeniz	1.0
Branco	Dayme	1.0
Branco	Miklo Demir	1.0
Branco	Sami Avci	1.0
Branco	Carmon	1.0
Branco	BackRoad Gee	1.0
Branco	Adel	1.0
Branco	Headie One	1.0
Branco	Rob & Jenne	1.0
Branco	Mastermind	1.0
Branco	Straynané	1.0
Branco	Vory	1.0
Branco	NODE	1.0
Branco	M Huncho	1.0
Branco	Fabe (FIN)	1.0
Branco	T Swoop	1.0
Branco	LEVON	1.0
Branco	Samir Wadi	1.0
Branco	Young (DNK)	1.0
Branco	AMRO	1.0
Branco	Salazar (DNK)	1.0
Branco	Barbara Moleko	1.0
Branco	MC Meller	1.0
Branco	Mund de Carlo	1.0
Branco	Ali Sufi	1.0
Branco	Loke Deph	1.0
Branco	Marconi	1.0
Branco	Danni	1.0
Branco	Marco Rahim	1.0
Branco	Vinylz	1.0
Branco	Boi-1da	1.0
Branco	Ahdam	1.0
Branco	Akiba (DNK)	1.0
Branco	Tau Mau	1.0
Branco	Ricky Rich	1.0
Branco	Central Cee	1.0
Branco	Mind (MOB79)	1.0
Branco	8/80	1.0
Branco	TopGunn	1.0
Emil Kruse	Jens Ole McCoy	1.0
Emil Kruse	ELOQ	1.0
Emil Kruse	Pind	1.0
Emil Kruse	Niels Kirk	1.0
Emil Kruse	Lasse Joen Sørensen	1.0
Emil Kruse	Esben Iversen	1.0
Emil Kruse	​​andreas odbjerg	1.0
Emil Kruse	Wads	1.0
Emil Kruse	KIDD (DNK)	1.0
Emil Kruse	OK OK	1.0
Emil Kruse	KÅ (DNK)	1.0
Emil Kruse	Benny Andersen	1.0
Emil Kruse	Jacob Bellens	1.0
Emil Kruse	PS (DNK)	1.0
Emil Kruse	​larry lovløs	1.0
Emil Kruse	Daniel Scheffmann	1.0
Emil Kruse	Bette	1.0
Emil Kruse	Mads Jensen	1.0
Emil Kruse	Anthon Edwards	1.0
Emil Kruse	Stanley Most	1.0
Emil Kruse	Louis Winding	1.0
Emil Kruse	Victor Støve	1.0
Emil Kruse	Kay (DNK)	1.0
Emil Kruse	Papa Erotic	1.0
Emil Kruse	August Rosenbaum	1.0
Emil Kruse	Asmus Harm	1.0
Emil Kruse	Emil Harm	1.0
Emil Kruse	Theodor Tang-Peronard	1.0
Emil Kruse	Jesper Flinker	1.0
Emil Kruse	Magnus Haulund Olesen	1.0
Emil Kruse	Kåre Lundager	1.0
Emil Kruse	Banzai	1.0
Emil Kruse	Sheraz	1.0
Emil Kruse	Diplomat	1.0
Emil Kruse	Page (DNK)	1.0
Emil Kruse	Lennart Bahnsen	1.0
Emil Kruse	Philip Bøg Steffensen	1.0
Anthon Edwards	Carl Barsk	1.0
Anthon Edwards	Mads Lundegaard	1.0
Anthon Edwards	Jeppe London	1.0
Anthon Edwards	TopGunn	1.0
Anthon Edwards	ICEKIID	1.0
Anthon Edwards	Skinz (DNK)	1.0
Anthon Edwards	SLY	1.0
Anthon Edwards	Citybois	1.0
Anthon Edwards	Rasmus Stabell	1.0
Anthon Edwards	Harm Brothers	1.0
Anthon Edwards	Lil Producer	1.0
Anthon Edwards	Young Bong	1.0
Anthon Edwards	Emil Stabil	1.0
Anthon Edwards	BUBU (DNK)	1.0
Anthon Edwards	LukasBL	1.0
Anthon Edwards	Hossy	1.0
Anthon Edwards	Michael Williams	1.0
Anthon Edwards	Providers	1.0
Anthon Edwards	Victor Støve	1.0
Anthon Edwards	Jonathan Elkær	1.0
Anthon Edwards	Nicki Pooyandeh	1.0
Anthon Edwards	MAS	1.0
Anthon Edwards	​milo (DNK)	1.0
Anthon Edwards	Daniel Schulz	1.0
Anthon Edwards	Sigvardt	1.0
Anthon Edwards	Rob & Jenne	1.0
Anthon Edwards	Thøger Dixgaard	1.0
Anthon Edwards	Samuel Ledet	1.0
Anthon Edwards	Frederik Nordsø	1.0
Anthon Edwards	Fridolin Nordsø	1.0
Anthon Edwards	Louis Nordsø	1.0
Anthon Edwards	Tice (DNK)	1.0
Anthon Edwards	OK OK	1.0
Anthon Edwards	Ulrik Schultz	1.0
Anthon Edwards	Oliver Cilwik	1.0
Anthon Edwards	Emil Harm	1.0
Anthon Edwards	Celine Svanbäck	1.0
Anthon Edwards	Asmus Harm	1.0
Anthon Edwards	Peter Biker	1.0
Anthon Edwards	Adam Hillebrandt	1.0
Anthon Edwards	SVEA	1.0
Anthon Edwards	Erann DD	1.0
Anthon Edwards	Karl William	1.0
Brandon Beal	Christopher	1.0
Brandon Beal	HEDEGAARD	1.0
Brandon Beal	Nicklas Elmark	1.0
Brandon Beal	6ix9ine	1.0
Brandon Beal	Future Animals	1.0
Brandon Beal	Needlz	1.0
Brandon Beal	TMS	1.0
Brandon Beal	Morten “Pilo” Pilegaard	1.0
Brandon Beal	Morten “Rissi” Ristorp	1.0
Brandon Beal	Jay Made	1.0
Brandon Beal	Victor Thell	1.0
Brandon Beal	Matt Hawk	1.0
Brandon Beal	Lukas Graham	1.0
Brandon Beal	Dawin	1.0
Brandon Beal	David “Dehiro” Mørup	1.0
Brandon Beal	Olivia Holt	1.0
Brandon Beal	Wiz Khalifa	1.0
Brandon Beal	Jim Wirt	1.0
Brandon Beal	Jayrah Gibson	1.0
Brandon Beal	ELOQ	1.0
Brandon Beal	Fridolin Nordsø	1.0
Brandon Beal	Frederik Nordsø	1.0
Brandon Beal	Melii	1.0
Brandon Beal	Tyler Spry	1.0
Brandon Beal	Fraser Churchill	1.0
Brandon Beal	Markus Artved	1.0
Brandon Beal	Jeff “Gitty” Gitelman	1.0
Brandon Beal	Boombby	1.0
Brandon Beal	Hennedub	1.0
Brandon Beal	Wale	1.0
Brandon Beal	David LaBrel	1.0
Brandon Beal	Jimilian	1.0
Brandon Beal	Joe Kearns	1.0
Brandon Beal	Phil Cook (Producer)	1.0
Brandon Beal	TopGunn	1.0
Brandon Beal	Snoop Dogg	1.0
Brandon Beal	Jon & Jules	1.0
Brandon Beal	Pilfinger	1.0
Brandon Beal	Michael Pærremand	1.0
Brandon Beal	Sami Brielle	1.0
Brandon Beal	Hektor Mass	1.0
Brandon Beal	Xander Linnet	1.0
Brandon Beal	Furrer	1.0
Brandon Beal	Anders Nilsen	1.0
Brandon Beal	Jason Gill	1.0
Brandon Beal	Pitchshifters	1.0
Brandon Beal	Martin Jensen	1.0
Brandon Beal	Victoria Nadine	1.0
Brandon Beal	Calby	1.0
Brandon Beal	Lenny Martinez	1.0
Brandon Beal	Bai-D	1.0
Brandon Beal	Johannes “Josh” Jørgensen	1.0
Brandon Beal	Roxy Ferrari	1.0
Brandon Beal	YAKO (EDM)	1.0
Brandon Beal	KROMI	1.0
Brandon Beal	Matrax Productions	1.0
Brandon Beal	Multiman	1.0
Brandon Beal	Søren Mikkelsen	1.0
Go Go Berlin	Søren Christensen	1.0
Go Go Berlin	Peter Kjædegaard	1.0
Go Go Berlin	Anders Søndergaard	1.0
Go Go Berlin	Christian Vium	1.0
Go Go Berlin	Christoffer Møller Østergaard	1.0
Go Go Berlin	Julie Ellinor	1.0
Go Go Berlin	Mikkel Dyrehave Hansen	1.0
Go Go Berlin	Tim Schou	1.0
Go Go Berlin	Nick Foss	1.0
Go Go Berlin	Lukas Forchhammer	1.0
Go Go Berlin	Don Stefano	1.0
Go Go Berlin	Morten “Rissi” Ristorp	1.0
Go Go Berlin	Morten “Pilo” Pilegaard	1.0
Go Go Berlin	James Ghaleb	1.0
Go Go Berlin	Justin Parker	1.0
Go Go Berlin	Mikky Ekko	1.0
Ankerstjerne	Frida Brygmann	1.0
Ankerstjerne	PhD	1.0
Ankerstjerne	Seebach & Seebach	1.0
Ankerstjerne	Andreas “Maskinen” Sommer	1.0
Ankerstjerne	Salazar (DNK)	1.0
Ankerstjerne	Jooks	1.0
Ankerstjerne	Daniel Schulz	1.0
Ankerstjerne	Panamah	1.0
Ankerstjerne	Sigvardt	1.0
Ankerstjerne	L.O.C.	1.0
Ankerstjerne	Malthe Rostrup	1.0
Ankerstjerne	Shaka Loveless	1.0
Ankerstjerne	Isaac Kasule	1.0
Ankerstjerne	Pede B	1.0
Ankerstjerne	Bjørnskov	1.0
Ankerstjerne	Xander Linnet	1.0
Ankerstjerne	Caroline Franceska	1.0
Ankerstjerne	Kinck	1.0
Ankerstjerne	Nicky Namah Furdal	1.0
Ankerstjerne	Tory Lanez	1.0
Ankerstjerne	Ben Thompson (DNK)	1.0
Ankerstjerne	Providers	1.0
Ankerstjerne	Ianick	1.0
Ankerstjerne	Puma	1.0
Ankerstjerne	Volkan (DNK)	1.0
Ankerstjerne	Livid	1.0
Ankerstjerne	DB King	1.0
Ankerstjerne	Kaka (DNK)	1.0
Ankerstjerne	Denz (DNK)	1.0
Ankerstjerne	Papan	1.0
Ankerstjerne	Lars Virkli	1.0
Ankerstjerne	​​andreas odbjerg	1.0
Ankerstjerne	Cisilia	1.0
Ankerstjerne	Simon Sigfridsson	1.0
Ankerstjerne	Jon & Jules	1.0
Ankerstjerne	Svea S	1.0
Ankerstjerne	Omar (DNK)	1.0
Ankerstjerne	Bjórn & Scheffmann	1.0
Ankerstjerne	Stepz (DNK)	1.0
Ankerstjerne	Sivas	1.0
Ankerstjerne	Outlandish	1.0
Ankerstjerne	Sarah West	1.0
Ankerstjerne	MORTEN (DNK)	1.0
Ankerstjerne	Jimilian	1.0
Ankerstjerne	Zophia	1.0
Ankerstjerne	Beautiful	1.0
Ankerstjerne	Ole Bjørn	1.0
Ankerstjerne	Jo Blaq	1.0
Ankerstjerne	Cornstick	1.0
Ankerstjerne	Carl Knast	1.0
Ankerstjerne	Alberte	1.0
Ankerstjerne	LARS (DNK)	1.0
Ankerstjerne	​iSaac (DNK)	1.0
Ankerstjerne	Jerome (DNK)	1.0
Ankerstjerne	Kwamé (DNK)	1.0
Ankerstjerne	Dayzon	1.0
Ankerstjerne	Face (DNK)	1.0
Ankerstjerne	​jyll	1.0
Ankerstjerne	Nabil Nafar	1.0
Ankerstjerne	Jay Made	1.0
Ankerstjerne	barejegvarmig	1.0
Ankerstjerne	René Cambony	1.0
Ankerstjerne	Johanne Milland	1.0
Ankerstjerne	Hooman Beats	1.0
WHO KILLED BAMBI	Tróndur Bogason	1.0
WHO KILLED BAMBI	Asbjørn	1.0
WHO KILLED BAMBI	Søs Fenger	1.0
WHO KILLED BAMBI	Ida Wenøe	1.0
WHO KILLED BAMBI	Eivør	1.0
WHO KILLED BAMBI	Kellermensch	1.0
WHO KILLED BAMBI	Lydmor	1.0
WHO KILLED BAMBI	Wangel	1.0
WHO KILLED BAMBI	CoDy	1.0
WHO KILLED BAMBI	Therese Aune	1.0
WHO KILLED BAMBI	Julie Maria	1.0
WHO KILLED BAMBI	Sandra Kolstad	1.0
WHO KILLED BAMBI	Bjørn Fjæstad	1.0
WHO KILLED BAMBI	Jonas H. Petersen	1.0
WHO KILLED BAMBI	Baloosh	1.0
Odense Assholes	PhaFalAion	1.0
Odense Assholes	LB Boogie	1.0
Ude Af Kontrol	Pattesutter	1.0
Ude Af Kontrol	Balken	1.0
Ude Af Kontrol	Chriz & Heino	1.0
Ude Af Kontrol	Faustix	1.0
Ude Af Kontrol	Stewart Stardust	1.0
Ude Af Kontrol	Soppgirobygget	1.0
Ude Af Kontrol	HEDEGAARD	1.0
Ude Af Kontrol	RH	1.0
Ude Af Kontrol	Wawy	1.0
Ude Af Kontrol	Eiqu	1.0
Ude Af Kontrol	Specktors	1.0
Ude Af Kontrol	Pede B	1.0
Ude Af Kontrol	Alex Skrindo	1.0
Ude Af Kontrol	SP (DNK)	1.0
Ude Af Kontrol	Murro	1.0
Østen	Frederik Thaae	1.0
Østen	Adam Hillebrandt	1.0
Østen	Bjórn & Scheffmann	1.0
Østen	Anders Skadhede	1.0
Østen	Malthe Rostrup	1.0
Østen	Daniel Joy	1.0
Østen	Frederik Haumann	1.0
Østen	Emil Emborg	1.0
Østen	Frédéric Riesterer	1.0
Østen	Andreas Wilson	1.0
Mads Langer	Christopher	1.0
Mads Langer	Lukas Graham	1.0
Mads Langer	Jada	1.0
Mads Langer	Don Stefano	1.0
Mads Langer	Saint clara	1.0
Mads Langer	Henry Flint	1.0
Mads Langer	George Flint	1.0
Mads Langer	Morten Woods	1.0
Mads Langer	Boe Larsen	1.0
Mads Langer	Andreas “Maskinen” Sommer	1.0
Mads Langer	Søren Balsner	1.0
Mads Langer	Jamie Hartman	1.0
Mads Langer	Nikolaj Steen	1.0
Mads Langer	Oliver McEwan	1.0
Mads Langer	Martin Terefe	1.0
Mads Langer	Scott Effman	1.0
Mads Langer	KEWAN LIGGER BEATET NORMALT	1.0
Mads Langer	Rasmus Bille Bähncke	1.0
Mads Langer	Søren Mikkelsen	1.0
Mads Langer	Jack & Coke	1.0
Mads Langer	Joe Rangel	1.0
Mads Langer	Chris Mollere	1.0
Mads Langer	Ben Harrison	1.0
Mads Langer	Ayb Asmar	1.0
Mads Langer	Stuart Crichton	1.0
Mads Langer	Eg White	1.0
Mads Langer	C.V. Jørgensen	1.0
Mads Langer	Poul Martin Bonde	1.0
Mads Langer	Knud Møller	1.0
Mads Langer	Sune Rose Wagner	1.0
Mads Langer	1993	1.0
Mads Langer	Lauritz Emil Christiansen	1.0
Mads Langer	SLY	1.0
Mads Langer	Mikkel Damgaard	1.0
Mads Langer	Coco O.	1.0
Mads Langer	Fridolin Nordsø	1.0
Mads Langer	Frederik Nordsø	1.0
Mads Langer	Ida Madsen	1.0
Mads Langer	René Cambony	1.0
Mads Langer	Kephoi	1.0
Mads Langer	Mike Lowrey	1.0
Mads Langer	Oliver Cilwik	1.0
Mads Langer	Alex Niceforo	1.0
Mads Langer	​Johnson	1.0
Mads Langer	Tim Christensen	1.0
Mads Langer	Jesper Faaborg	1.0
Mads Langer	Remee	1.0
Mads Langer	Ronni Vindahl	1.0
Mads Langer	Ole Bjørn	1.0
Mads Langer	Sammy Witte	1.0
Mads Langer	Tommy Tysper	1.0
Mads Langer	Pete Smith	1.0
Mads Langer	Dicte	1.0
Mads Langer	Cole M.G.N.	1.0
Mads Langer	Ethan Allen	1.0
Mads Langer	Faustix	1.0
Mads Langer	Lenno	1.0
Mads Langer	Richard Craker	1.0
Mads Langer	E. Kidd Bogart	1.0
Mads Langer	Carl Wikström Ask	1.0
Mads Langer	Lárus Örn Arnarson	1.0
Mads Langer	Anthony Watts	1.0
Mads Langer	Karl William	1.0
Blaue Blume	Aske Rud Jørgensen	1.0
Blaue Blume	Nis Bysted	1.0
Blaue Blume	Søren Jensen Buhl	1.0
Blaue Blume	Robert Jensen Buhl	1.0
Blaue Blume	Jonas Holst Schmidt	1.0
Blaue Blume	Guldimund	1.0
Blaue Blume	Buster Jensen	1.0
Blaue Blume	Søren Buhl Lassen	1.0
Blaue Blume	Peter Bøgvad Hansen	1.0
Barselona	Goss	1.0
Barselona	Rasmus Theodor	1.0
Barselona	Rud Aslak	1.0
Barselona	Thøger Dixgaard	1.0
Barselona	Peter Sommer	1.0
Barselona	Mahler & Bir	1.0
Barselona	Frederik Thaae	1.0
Barselona	Karl-Frederik Reichhardt	1.0
Barselona	Victor Groth	1.0
Barselona	Søren Buhl Lassen	1.0
Freja Kirk	Jonathan Elkær	1.0
Freja Kirk	Oliver Cilwik	1.0
Freja Kirk	Reza	1.0
Freja Kirk	Alexander Grandjean	1.0
Freja Kirk	Frederik Thaae	1.0
Freja Kirk	Engelina	1.0
Freja Kirk	Karl-Frederik Reichhardt	1.0
Freja Kirk	Marco Twellmann	1.0
Freja Kirk	Marcus Liliequist	1.0
Freja Kirk	Granity	1.0
Freja Kirk	Kasper Svare	1.0
Freja Kirk	Villads Bertelsen	1.0
Freja Kirk	Cy Fyre	1.0
Freja Kirk	Andreas Stigkær	1.0
Freja Kirk	Nimota Ayinke Abimbola	1.0
Freja Kirk	Nicolai Kornerup	1.0
Freja Kirk	ANYA (DNK)	1.0
Danseorkestret	Jacob Andersen	1.0
Danseorkestret	Rasmus Kærså	1.0
Danseorkestret	Jørn Pedersen	1.0
Danseorkestret	Stig Kreutzfeldt	1.0
Danseorkestret	Jørgen Klubien	1.0
Danseorkestret	Poul Borum	1.0
Folkeklubben	Nikolaj Vinten	1.0
Folkeklubben	Kasper Rasmussen	1.0
Folkeklubben	Frederik Thaae	1.0
Folkeklubben	Mads Brinch Nielsen	1.0
Folkeklubben	Orgi-E	1.0
Folkeklubben	Kjartan Arngrim	1.0
Folkeklubben	Rasmus Dall	1.0
Folkeklubben	Rasmus Jusjong	1.0
Folkeklubben	Rune Rask	1.0
Kim Larsen	Poul Bruun	1.0
Kim Larsen	Stig Kreutzfeldt	1.0
Kim Larsen	Sonny Limbo	1.0
Kim Larsen	Roy Thomas Baker	1.0
Kim Larsen	Nils Henriksen	1.0
Kim Larsen	Tommy Georg Bogs	1.0
Kim Larsen	Henning Pold	1.0
Kim Larsen	Gasolin’	1.0
Kim Larsen	Tritonus Koret	1.0
Kim Larsen	Franz Beckerlee	1.0
Kim Larsen	Wili Jønsson	1.0
Kim Larsen	Rugsted & Kreutzfeldt	1.0
Kim Larsen	Max Lorentz	1.0
Kim Larsen	Henrik Lund	1.0
Kim Larsen	Søren Mikkelsen	1.0
Kim Larsen	Per “Klit” Rasmussen	1.0
Kim Larsen	Erik Clausen	1.0
Kim Larsen	Kim Hyttel	1.0
Kim Larsen	Harald Herdahl	1.0
Kim Larsen	William Rieflin	1.0
Kim Larsen	The Samba Brothers	1.0
Kim Larsen	Kim Larsen & Kjukken	1.0
Kim Larsen	Peter Ingemann	1.0
Kim Larsen	Kathrine Jensenius	1.0
Kim Larsen	Mogens Mogensen	1.0
Kim Larsen	Karsten Skovgaard	1.0
Kim Larsen	Ove Abildgaard	1.0
Kim Larsen	Thomas Helmig	1.0
Kim Larsen	Joe Delia	1.0
Kim Larsen	Nick Sylvester	1.0
Kim Larsen	Hans Fagt	1.0
Kim Larsen	Jesper Rosenqvist	1.0
Kim Larsen	DJ Peyk	1.0
Kim Larsen	Peter Lund Madsen	1.0
Kim Larsen	Anders Lund Madsen	1.0
Kim Larsen	Gustav Winckler	1.0
Kim Larsen	Darwich	1.0
Kim Larsen	Steven Lemberg	1.0
Kim Larsen	MC Swan	1.0
Kim Larsen	MC Pete	1.0
Kim Larsen	Master Phoze	1.0
Kim Larsen	Chief 1	1.0
Kim Larsen	Grandmaster Dee Pee	1.0
Gnags	Peter A.G.	1.0
Gnags	Jack Nuber	1.0
Gnags	Karl Pitterson	1.0
Gnags	Anne Seier	1.0
Gnags	Per Christian Frost	1.0
Gnags	Pharfar	1.0
Gnags	Fresh-I	1.0
Gnags	Jakob Groth	1.0
Tommy Seebach	Seebach & Seebach	1.0
Tommy Seebach	Cai Leitner	1.0
Tommy Seebach	Keld Heick	1.0
Tommy Seebach	Ivan Pedersen	1.0
Tommy Seebach	Martin Sommer	1.0
Tommy Seebach	Debbie Cameron	1.0
Tommy Seebach	KEWAN LIGGER BEATET NORMALT	1.0
Tommy Seebach	Hasan Shah	1.0
Tommy Seebach	Annette Heick	1.0
Tommy Seebach	Søren Bundgaard	1.0
Tommy Seebach	Per Stan	1.0
Tommy Seebach	Ómar Óskarsson	1.0
Jesu Brødre	Sidney Lee	1.0
Jesu Brødre	ADHD	1.0
Jesu Brødre	Anders Hemmingsen	1.0
Jesu Brødre	Georg Svendsen	1.0
Jesu Brødre	William Kruse	1.0
Jesu Brødre	Alfred Thomas	1.0
Jesu Brødre	Niels Olsen	1.0
Jesu Brødre	Shambs	1.0
Jesu Brødre	Klam Vandmand	1.0
Jesu Brødre	Lina Rafn	1.0
Jesu Brødre	H1TMAKERS	1.0
Jesu Brødre	Chris	1.0
Jesu Brødre	Rossen	1.0
Jesu Brødre	Ratiarti	1.0
Jesu Brødre	Klukkie Hanni	1.0
Jesu Brødre	Fraggers i Form	1.0
Jesu Brødre	Bubber	1.0
Thor Farlov	Carl Barsk	1.0
Thor Farlov	Mads Lundegaard	1.0
Thor Farlov	Jeppe London	1.0
Thor Farlov	TopGunn	1.0
Thor Farlov	ICEKIID	1.0
Thor Farlov	Skinz (DNK)	1.0
Thor Farlov	SLY	1.0
Thor Farlov	Citybois	1.0
Thor Farlov	Rasmus Stabell	1.0
Thor Farlov	Kundo	1.0
Thor Farlov	Harm Brothers	1.0
Thor Farlov	Rob & Jenne	1.0
Thor Farlov	Jens Ole McCoy	1.0
Thor Farlov	Columbus Marslew	1.0
Thor Farlov	Lil Producer	1.0
Thor Farlov	Young Bong	1.0
Thor Farlov	Emil Stabil	1.0
Thor Farlov	BUBU (DNK)	1.0
Thor Farlov	Sivas	1.0
Thor Farlov	LukasBL	1.0
Thor Farlov	Hossy	1.0
Thor Farlov	Michael Williams	1.0
Thor Farlov	Providers	1.0
Thor Farlov	Samuel Ledet	1.0
Thor Farlov	Jonathan Elkær	1.0
Thor Farlov	MAS (USA)	1.0
Thor Farlov	Frederik Nordsø	1.0
Thor Farlov	Fridolin Nordsø	1.0
Thor Farlov	Louis Nordsø	1.0
Thor Farlov	Tice (DNK)	1.0
Thor Farlov	MAS	1.0
Thor Farlov	Ulrik Schultz	1.0
Thor Farlov	Saint Luca	1.0
Thor Farlov	Swshr	1.0
Thor Farlov	Bette	1.0
Benal	Albert (DNK)	1.0
Benal	Wads	1.0
Benal	Bashir Billow	1.0
Benal	Er De Sjældne	1.0
Benal	Cecilie Noer	1.0
Benal	Katinka Band	1.0
Benal	Orgi-E	1.0
Benal	Clara Sofie	1.0
Benal	Medina (DNK)	1.0
Benal	Marie Key	1.0
Benal	Nixen	1.0
Benal	Pede B	1.0
Benal	Liv Lykke	1.0
Benal	Semphiz	1.0
Benal	Loke Deph	1.0
Benal	Laura Petersen	1.0
Benal	Rune Rask	1.0
TopGunn	Morten McCoy	1.0
TopGunn	Pilfinger	1.0
TopGunn	Hennedub	1.0
TopGunn	Fouli	1.0
TopGunn	Emil Harm	1.0
TopGunn	Asmus Harm	1.0
TopGunn	ICEKIID	1.0
TopGunn	HEDEGAARD	1.0
TopGunn	SLY	1.0
TopGunn	Bastian Sjelberg	1.0
TopGunn	Citybois	1.0
TopGunn	Raske Penge	1.0
TopGunn	Emil Falk	1.0
TopGunn	Tice (DNK)	1.0
TopGunn	ELOQ	1.0
TopGunn	Klumben	1.0
TopGunn	KIDD (DNK)	1.0
TopGunn	Medina (DNK)	1.0
TopGunn	Pind	1.0
TopGunn	JOSVA	1.0
TopGunn	Harm Brothers	1.0
TopGunn	Rob & Jenne	1.0
TopGunn	Pato Siebenhaar	1.0
TopGunn	Lamin	1.0
TopGunn	Ranko	1.0
TopGunn	Chanelbigs	1.0
TopGunn	LukasBL	1.0
TopGunn	Hossy	1.0
TopGunn	Murro	1.0
TopGunn	Sinds	1.0
TopGunn	Lord Siva	1.0
TopGunn	​Johnson	1.0
TopGunn	Mike Lowrey	1.0
TopGunn	FEJER	1.0
TopGunn	Karl-Frederik Reichhardt	1.0
TopGunn	August Rosenbaum	1.0
TopGunn	Bertram Levin	1.0
TopGunn	Nicki Pooyandeh	1.0
TopGunn	Skørmand	1.0
TopGunn	Mighty Mala	1.0
TopGunn	David Dieu	1.0
TopGunn	Jens Ole McCoy	1.0
TopGunn	Andreas Krüger	1.0
TopGunn	Ms Banks	1.0
TopGunn	BackRoad Gee	1.0
TopGunn	Yungen	1.0
TopGunn	Geko	1.0
TopGunn	FRNKIE	1.0
TopGunn	JBo (DNK)	1.0
TopGunn	Topp Gun	1.0
TopGunn	DJ Noize	1.0
TopGunn	Sukker Lyn	1.0
TopGunn	J Wild	1.0
TopGunn	Oliver Cilwik	1.0
TopGunn	Kaka (DNK)	1.0
TopGunn	2000F	1.0
TopGunn	Pacific (DNK)	1.0
TopGunn	OnklP	1.0
TopGunn	Joddski	1.0
TopGunn	Danni Toma	1.0
TopGunn	Rvssian	1.0
TopGunn	Gio (DNK)	1.0
TopGunn	Danny Dwyer	1.0
TopGunn	M.I.L.K. (DNK)	1.0
TopGunn	Joel Van Dijk	1.0
TopGunn	Mars Today	1.0
TopGunn	StudioStudioStudio	1.0
TopGunn	Søren Christensen	1.0
TopGunn	Velour (DNK)	1.0
TopGunn	Eagger	1.0
NODE	Stepz (DNK)	1.0
NODE	RJacks & Masta	1.0
NODE	Nicki Pooyandeh	1.0
NODE	Sivas	1.0
NODE	Joniad Banushi	1.0
NODE	Hkeem	1.0
NODE	Lamix	1.0
NODE	Larry (DNK)	1.0
NODE	KEWAN LIGGER BEATET NORMALT	1.0
NODE	Lamin	1.0
NODE	Sören von Malmborg	1.0
NODE	IVAN$ITO	1.0
NODE	Orgi-E	1.0
NODE	Jamaika	1.0
NODE	ZK	1.0
NODE	Mike Lowrey	1.0
NODE	Refuu	1.0
NODE	Ricky Rich	1.0
NODE	Jay Cas	1.0
NODE	Angela Yee	1.0
NODE	Ghostface Killah	1.0
Malte Ebert	Landsholdet	1.0
Malte Ebert	Alfred Thomas	1.0
Malte Ebert	Kristoffer Fuglsang	1.0
Malte Ebert	E&B	1.0
Malte Ebert	Martin Brygmann	1.0
Malte Ebert	Alexander Oscar	1.0
Malte Ebert	Christopher	1.0
Malte Ebert	Oliver Cilwik	1.0
Malte Ebert	Sigala	1.0
Malte Ebert	Ella Eyre	1.0
Malte Ebert	Lauritz Emil Christiansen	1.0
Malte Ebert	Bjórn & Scheffmann	1.0
Malte Ebert	LittGloss	1.0
Malte Ebert	Georg Svendsen	1.0
Malte Ebert	Kasper Toustrup	1.0
Malte Ebert	Kristian Riis	1.0
Malte Ebert	Søren Arnholt Rasmussen	1.0
Malte Ebert	Simon Kvamm	1.0
Malte Ebert	Emil Falk	1.0
Malte Ebert	Frederik Nordsø	1.0
Malte Ebert	Fridolin Nordsø	1.0
Malte Ebert	Mads Dyhrberg	1.0
Malte Ebert	Lis Sørensen	1.0
Malte Ebert	Ole Bjørn	1.0
Malte Ebert	Vera	1.0
Malte Ebert	Jeppe Engelbrecht Appel	1.0
Malte Ebert	Mads Simonsen	1.0
Malte Ebert	Drew Sycamore	1.0
Malte Ebert	Jimilian	1.0
Malte Ebert	Sebastian Igens	1.0
Malte Ebert	H.M. Dronning Margrethe 2.	1.0
Malte Ebert	FEJER	1.0
Malte Ebert	Valdemar Littauer Bendixen	1.0
Pattesutter	Mario Riera	1.0
Pattesutter	Lil Producer	1.0
Pattesutter	​tais	1.0
Pattesutter	Jacob Simonsen	1.0
Pattesutter	Sigurd barrett	1.0
Pattesutter	Yo Johnny	1.0
Pattesutter	Musti Mousetee	1.0
Pattesutter	Andreas Murga	1.0
Pattesutter	Carl Barsk	1.0
Pattesutter	Nichlas Linhard Olsen	1.0
Pattesutter	Jay&Loco	1.0
Xander Linnet	Marcus Linnet	1.0
Xander Linnet	Simon Jul	1.0
Xander Linnet	Fribytterdrømme	1.0
Xander Linnet	Oh Boy! (DNK)	1.0
Xander Linnet	Jens Ole McCoy	1.0
Xander Linnet	​boysarerolling	1.0
Xander Linnet	CuBeatz	1.0
Xander Linnet	Jamaika	1.0
Xander Linnet	Jeppe Federspiel	1.0
Xander Linnet	Hennedub	1.0
Xander Linnet	Anne Linnet	1.0
Xander Linnet	Pilfinger	1.0
Xander Linnet	Hasan Shah	1.0
Xander Linnet	Thomas Stengaard	1.0
Xander Linnet	Larry (DNK)	1.0
Xander Linnet	Sivas	1.0
Xander Linnet	Thøger Dixgaard	1.0
Xander Linnet	Cisilia	1.0
Xander Linnet	Nabiha	1.0
Xander Linnet	Wafande	1.0
Xander Linnet	Raske Penge	1.0
Xander Linnet	Mette Lindberg	1.0
Xander Linnet	Jonas Vestergaard	1.0
Xander Linnet	Rune Rask	1.0
Xander Linnet	T&O	1.0
Xander Linnet	Providers	1.0
Xander Linnet	Sebastian (DNK)	1.0
Xander Linnet	Nadia Gattas	1.0
Xander Linnet	Amna Naseer	1.0
Xander Linnet	Fouli	1.0
Xander Linnet	Outlandish	1.0
Xander Linnet	Coco O.	1.0
Xander Linnet	Sarah West	1.0
Xander Linnet	Jakob Christiansen	1.0
Xander Linnet	Atilla	1.0
Xander Linnet	Svenstrup & Vendelboe	1.0
Xander Linnet	Sanne Salomonsen	1.0
Xander Linnet	Moses Fiellau-Nikolajsen	1.0
Xander Linnet	Bai-D	1.0
Xander Linnet	Niki Bernard	1.0
Xander Linnet	Markus Lindell	1.0
Xander Linnet	Julie Lindell	1.0
Xander Linnet	Oskar Hanak	1.0
Xander Linnet	Thomas Boesgaard	1.0
Xander Linnet	Anders Schumann	1.0
Xander Linnet	Daniel Rasmussen	1.0
Xander Linnet	Durani	1.0
Xander Linnet	Skinz (DNK)	1.0
Xander Linnet	Marcus Lundbak	1.0
Xander Linnet	Bertram Mørk	1.0
Xander Linnet	Marwan	1.0
Xander Linnet	Ben Legit	1.0
The Minds Of 99	Carsten Heller	1.0
The Minds Of 99	Jacob Bech-Hansen	1.0
The Minds Of 99	ELOQ	1.0
The Minds Of 99	Niels Brandt	1.0
The Minds Of 99	Frederik Thaae	1.0
The Minds Of 99	Ronni Vindahl	1.0
The Minds Of 99	Neil R. Young	1.0
The Minds Of 99	Jonas Kur	1.0
The Minds Of 99	No3	1.0
The Minds Of 99	Anders Folke Larsen	1.0
The Minds Of 99	Asger Møller Wissing	1.0
The Minds Of 99	Louis Barnholdt Clausen	1.0
Jamaika	Prince Digital	1.0
Jamaika	Mike Lowrey	1.0
Jamaika	Daniel Rasmussen	1.0
Jamaika	Sivas	1.0
Jamaika	Carmon	1.0
Jamaika	Speaker Knockerz	1.0
Jamaika	DC	1.0
Jamaika	Ung Cezar	1.0
Jamaika	MellemFingaMuzik	1.0
Jamaika	Danni	1.0
Jamaika	T&O	1.0
Jamaika	KEWAN LIGGER BEATET NORMALT	1.0
Jamaika	Fouli	1.0
Jamaika	Medi (USA)	1.0
Jamaika	G Rocka	1.0
Jamaika	Dayzon	1.0
Jamaika	Carl Reed	1.0
Jamaika	Lamin	1.0
Jamaika	Dree Low	1.0
Jamaika	Himalaya	1.0
Jamaika	IBO (DNK)	1.0
Jamaika	Zoro (DNK)	1.0
Jamaika	Kephoi	1.0
Jamaika	Joshua Duncan	1.0
Jamaika	Tau Mau	1.0
Jamaika	Mike WiLL Made-It	1.0
Jamaika	M24	1.0
Jamaika	Willy (DNK)	1.0
Jamaika	Ferdinand Philip Bach	1.0
Jamaika	Yung Vilhelm	1.0
Jamaika	Merkel lavi	1.0
Jamaika	Codu’ Penal	1.0
Albert Heath	Sofie1998	1.0
Albert Heath	Karl-Frederik Reichhardt	1.0
Albert Heath	Piscot	1.0
Albert Heath	Chief 1	1.0
Albert Heath	Yepha	1.0
Albert Heath	Orrin Keepnews	1.0
Albert Heath	Benjamin Lasnier	1.0
Albert Heath	Jimilian	1.0
Albert Heath	Stanley Cowell	1.0
Albert Heath	James Mtume	1.0
Albert Heath	Frank Ceraolo	1.0
Albert Heath	URO	1.0
Albert Heath	Malthe Guldberg	1.0
Albert Heath	Morten “Mört” Jepsen	1.0
Albert Heath	PabloMyslibar	1.0
Albert Heath	Oscar27	1.0
Albert Heath	Marcus.wav	1.0
Albert Heath	Tice (DNK)	1.0
Albert Heath	Bob Weinstock	1.0
Albert Heath	Albeats	1.0
Albert Heath	​jyll	1.0
Albert Heath	Mangera	1.0
MellemFingaMuzik	Nicki Pooyandeh	1.0
MellemFingaMuzik	Livid	1.0
MellemFingaMuzik	T&O	1.0
MellemFingaMuzik	Pepsi	1.0
MellemFingaMuzik	Sivas	1.0
MellemFingaMuzik	Stepz (DNK)	1.0
MellemFingaMuzik	Skurken	1.0
MellemFingaMuzik	KEWAN LIGGER BEATET NORMALT	1.0
MellemFingaMuzik	David Benja	1.0
MellemFingaMuzik	Akhee	1.0
MellemFingaMuzik	ATYPISK	1.0
MellemFingaMuzik	Søren-William Hardam Nohns	1.0
MellemFingaMuzik	Esben Zefting	1.0
MellemFingaMuzik	Kimbo	1.0
MellemFingaMuzik	Vinylz	1.0
MellemFingaMuzik	Boi-1da	1.0
MellemFingaMuzik	DJ Pain	1.0
MellemFingaMuzik	Sleiman	1.0
MellemFingaMuzik	Rune Rask	1.0
ATYPISK	Fresh-I	1.0
ATYPISK	Lærke Emilie	1.0
ATYPISK	T&O	1.0
ATYPISK	Stepz (DNK)	1.0
ATYPISK	K.N.O.X. (DNK)	1.0
ATYPISK	Gio (DNK)	1.0
ATYPISK	Semphiz	1.0
ATYPISK	Tjes	1.0
ATYPISK	Sultan	1.0
ATYPISK	Ataf Khawaja	1.0
ATYPISK	Stat-Ez	1.0
ATYPISK	Skurken	1.0
ATYPISK	Mass Ebdrup	1.0
ATYPISK	Kimbo	1.0
ATYPISK	Danny Davinci	1.0
ATYPISK	Kaka (DNK)	1.0
ATYPISK	Akapellah	1.0
ATYPISK	Jens Ole McCoy	1.0
ATYPISK	Nicki Pooyandeh	1.0
ATYPISK	Refuu	1.0
ATYPISK	Mista Royce	1.0
ATYPISK	Clemens	1.0
ATYPISK	Sivas	1.0
ATYPISK	Wafande	1.0
ATYPISK	Blak	1.0
ATYPISK	Hype	1.0
ATYPISK	Wood (DNK)	1.0
ATYPISK	KayReem Sylvest	1.0
ATYPISK	Eagger	1.0
ATYPISK	Pharfar	1.0
ATYPISK	MFS (Made For Streets)	1.0
ATYPISK	Jeffro	1.0
ATYPISK	Shaka Loveless	1.0
ATYPISK	Vince Keys	1.0
ATYPISK	Daniel “Obi” Klein	1.0
ATYPISK	KEWAN LIGGER BEATET NORMALT	1.0
ATYPISK	Kato (DNK)	1.0
Sleiman	Livid	1.0
Sleiman	6ix9ine	1.0
Sleiman	KEWAN LIGGER BEATET NORMALT	1.0
Sleiman	Kontra K	1.0
Sleiman	Carmon	1.0
Sleiman	Fouli	1.0
Sleiman	Jimilian	1.0
Sleiman	Shaka Loveless	1.0
Sleiman	Lacrim	1.0
Sleiman	Eight O	1.0
Sleiman	Redur Akram Hussein	1.0
Sleiman	Q (DNK)	1.0
Sleiman	Sivas	1.0
Sleiman	Kidda	1.0
Sleiman	Young (DNK)	1.0
Sleiman	Jacob Brøndlund	1.0
Sleiman	Marvin S	1.0
Sleiman	Søren Bech	1.0
Sleiman	Marwa Loud	1.0
Sleiman	JahMxli	1.0
Sleiman	Volkan (DNK)	1.0
Sleiman	Ayman Amin	1.0
Sleiman	Kaliber (DNK)	1.0
Sleiman	Concept	1.0
Sleiman	Ricky Rich	1.0
Sleiman	Nani (NO)	1.0
Sleiman	Sebastian Igens	1.0
Sleiman	Esben Zefting	1.0
Sleiman	Søren-William Hardam Nohns	1.0
Sleiman	DB King	1.0
Sleiman	Bel (AUS)	1.0
Sleiman	Diego (DNK)	1.0
Sleiman	Ali Jemmeali	1.0
Sleiman	I’Scream	1.0
Sleiman	Worek	1.0
Sleiman	Bambina (FRA)	1.0
Sleiman	Face (DNK)	1.0
Carmon	Hossy	1.0
Carmon	LukasBL	1.0
Carmon	Kephoi	1.0
Carmon	Tau Mau	1.0
Carmon	DC	1.0
Carmon	ICEKIID	1.0
Carmon	Fouli	1.0
Carmon	Ung Cezar	1.0
Carmon	OG Harry	1.0
Carmon	Danni	1.0
Carmon	Stepz (DNK)	1.0
Carmon	RJacks & Masta	1.0
Carmon	Amna Naseer	1.0
Carmon	Lamin	1.0
Carmon	Filip Kollsete	1.0
Carmon	Nicki Pooyandeh	1.0
Carmon	Louis (DNK)	1.0
Carmon	Wonko (DNK)	1.0
Carmon	Carl Reed	1.0
Carmon	BUBU (DNK)	1.0
Carmon	Gordon Ramz	1.0
Carmon	Salomon Ono	1.0
Carmon	Alrima	1.0
Carmon	Sivas	1.0
Carmon	Carl Altino	1.0
Carmon	Mr. Mo (DNK)	1.0
Carmon	AWADA	1.0
Carmon	RH	1.0
Carmon	DB King	1.0
Carmon	Face (DNK)	1.0
Carmon	Livid	1.0
Carmon	T&O	1.0
Carmon	Mike Lowrey	1.0
Carmon	Moon Afflick	1.0
Carmon	PaoloHBG	1.0
Carmon	Simo (DNK)	1.0
Carmon	Yasin	1.0
Carmon	Censur	1.0
Carmon	BJØRN (DNK)	1.0
Carmon	Larry (DNK)	1.0
Carmon	JBo (DNK)	1.0
Carmon	Oliver Zoéga	1.0
Carmon	Kasper Svare	1.0
Carmon	Villads Sofus Bertelsen	1.0
Carmon	Apobeats (DNK)	1.0
Carmon	Oochie	1.0
Carmon	Willy (DNK)	1.0
Carmon	Eliot Bohr	1.0
Carmon	Swidom	1.0
Carmon	Frank Music	1.0
Carmon	Jakob Christiansen	1.0
Carmon	Platinum Libraries	1.0
Carmon	Marco Rahim	1.0
Carmon	Maraz Y	1.0
Karl William	Carl Barsk	1.0
Karl William	Christopher	1.0
Karl William	Lukas Graham	1.0
Karl William	Jada	1.0
Karl William	Don Stefano	1.0
Karl William	Saint clara	1.0
Karl William	Frederik Carstens	1.0
Karl William	Andreas “Maskinen” Sommer	1.0
Karl William	Mathias Klysner	1.0
Karl William	​tais	1.0
Karl William	Adam Hillebrandt	1.0
Karl William	Istid	1.0
Karl William	August Høyen	1.0
Karl William	ELOQ	1.0
Karl William	KIDD (DNK)	1.0
Karl William	Rob & Jenne	1.0
Karl William	Orbit Crew	1.0
Karl William	Chief 1	1.0
Karl William	Emil Hesselbæk	1.0
Karl William	Fabian Mazur	1.0
Karl William	Stig Brenner	1.0
Karl William	Niels Kirk	1.0
Karl William	Heimdals Sidste Vogter	1.0
Karl William	Andreas Murga	1.0
Karl William	Sheraz	1.0
Karl William	Loke Deph	1.0
Karl William	Novum	1.0
Karl William	Jeppe London	1.0
Karl William	Mads Lundegaard	1.0
Karl William	Lord Siva	1.0
Pede B	DJ Noize	1.0
Pede B	LuxXx	1.0
Pede B	Able (DNK)	1.0
Pede B	Isaac Kasule	1.0
Pede B	Femma’r	1.0
Pede B	Bashir Billow	1.0
Pede B	Frost (DNK)	1.0
Pede B	MarcieFresh	1.0
Pede B	HaKeem	1.0
Pede B	ICEKIID	1.0
Pede B	J-Mix	1.0
Pede B	Marco Rahim	1.0
Pede B	Izhar Iz	1.0
Pede B	Amin A1	1.0
Pede B	KIDD (DNK)	1.0
Pede B	Per Vers	1.0
Pede B	Negash Ali	1.0
Pede B	MikL (DNK)	1.0
Pede B	Cas (DNK)	1.0
Pede B	Young (DNK)	1.0
Pede B	Tue Track	1.0
Pede B	​Johnson	1.0
Pede B	Jøden	1.0
Pede B	J-Spliff	1.0
Pede B	Niarn	1.0
Pede B	Jonny Hefty	1.0
Pede B	L.O.C.	1.0
Pede B	Mester Jacob	1.0
Pede B	Majid	1.0
Pede B	Marwan	1.0
Pede B	Ataf Khawaja	1.0
Pede B	Nixen	1.0
Pede B	Nøx (DNK)	1.0
Pede B	Ayoe Angelica	1.0
Pede B	Nicky Namah Furdal	1.0
Pede B	Albert (DNK)	1.0
Pede B	DEAN (DNK)	1.0
Pede B	Shaka Loveless	1.0
Pede B	Nickynomertry	1.0
Pede B	Novum	1.0
Pede B	Skurken	1.0
Pede B	Adam Sampler	1.0
Pede B	Crateraider	1.0
Pede B	Mr. Mo (DNK)	1.0
Pede B	Thor Madsen	1.0
Pede B	Stoopit Fresh	1.0
Pede B	4Pro	1.0
Pede B	Marco Sewohl	1.0
Pede B	USO	1.0
Pede B	Livid	1.0
Pede B	Fred Nukes	1.0
Pede B	Mads Viktor	1.0
Pede B	Erik Clausen	1.0
Pede B	Jonas (DNK)	1.0
Pede B	David Fjelstrup	1.0
Pede B	Binær	1.0
Pede B	Telepa-T	1.0
Pede B	Petter	1.0
Pede B	DJ Static (DNK)	1.0
Pede B	AMRO	1.0
Pede B	Loke Deph	1.0
Pede B	Wafande	1.0
Pede B	Face (DNK)	1.0
Pede B	5-Dob	1.0
Pede B	Esben “Es” Thornhal	1.0
Pede B	Emilie Moldow	1.0
Pede B	Mellow (DNK)	1.0
Pede B	Mund de Carlo	1.0
Pede B	PhaFalAion	1.0
Pede B	Keis Khatib	1.0
Pede B	Turkman Souljah	1.0
Pede B	Ramtin (DK)	1.0
Pede B	Gio (DNK)	1.0
Pede B	Kriswontwo	1.0
Pede B	Semphiz	1.0
Pede B	EE (DNK)	1.0
Pede B	David Dieu	1.0
Pede B	Jamie Kamara	1.0
Pede B	Jacob Broholm	1.0
Pede B	Alex Ambrose	1.0
Pede B	Salazar (DNK)	1.0
Pede B	Nathalie Hallundbæk	1.0
Pede B	Rest in Beats	1.0
Pede B	Lior	1.0
Pede B	Al Agami	1.0
Pede B	Pato Siebenhaar	1.0
Pede B	Ham Den Lange	1.0
Pede B	Clara Sofie	1.0
Pede B	Alberte	1.0
Pede B	Strudsi Gallop	1.0
Pede B	Machacha	1.0
Pede B	Funch	1.0
Pede B	J.A.N. (DNK)	1.0
Pede B	Cab (DNK)	1.0
Pede B	Don Jay	1.0
Pede B	Moon Afflick	1.0
Pede B	Belly Of The Beats	1.0
Pede B	Steffen Brandt	1.0
Pede B	Ken Ring	1.0
Pede B	Simon Jul	1.0
Pede B	Orgi-E	1.0
Pede B	Copenhaniacs	1.0
Pede B	KayReem Sylvest	1.0
Pede B	Bai-D	1.0
Pede B	Cha-D	1.0
Pede B	Benjamin Koppel	1.0
Pede B	IngrediJens	1.0
Pede B	Nick Sander	1.0
Pede B	Stik Op	1.0
Pede B	DJ Wernz	1.0
Pede B	Eldar-Q	1.0
Pede B	SkyggeSiden	1.0
Pede B	Mikkel	1.0
Pede B	Det Kiki	1.0
Pede B	Lydmor	1.0
Pede B	Tove Ditlevsen	1.0
Pede B	Trepac	1.0
Pede B	Ezi Cut	1.0
Pede B	Klumben	1.0
Pede B	Koldfront	1.0
Pede B	Fresco (DNK)	1.0
Pede B	MC Ollie	1.0
Pede B	Jake One	1.0
Pede B	Bawl	1.0
Pede B	Ali M (DNK)	1.0
Pede B	FordærvBerg	1.0
Pede B	Kaka (DNK)	1.0
Pede B	MC Magnus	1.0
Pede B	MIKKE FLU$	1.0
Pede B	SuparDejen	1.0
Pede B	Esben	1.0
Pede B	Nota Bene	1.0
Pede B	Kool Jepp	1.0
Pede B	Jonas Eddie	1.0
Pede B	Kongchain	1.0
Pede B	Claus Seest	1.0
Pede B	H1TMAKERS	1.0
Pede B	King Lil Jay	1.0
Pede B	Monique Mai	1.0
Pede B	JACOB SKYGG	1.0
Pede B	ELOQ	1.0
Pede B	Capone	1.0
Pede B	The Number	1.0
Pede B	Clemens	1.0
Pede B	MC Swan	1.0
Pede B	Juan Almajid	1.0
Pede B	IGÅR.IDAG	1.0
Pede B	F L E M M I N G (DNK)	1.0
Pede B	Murro	1.0
Pede B	Opiden	1.0
Pede B	Barbara Moleko	1.0
Pede B	MC Einar	1.0
Pede B	Khal Allan	1.0
Pede B	Mike Raw	1.0
Pede B	Nick Coldhands	1.0
Pede B	Fabeldyret	1.0
Pede B	Humme	1.0
Pede B	Solo Solito	1.0
Pede B	Kamilia Amélie	1.0
Pede B	Ash Beats Production	1.0
Pede B	Sticky Steph	1.0
Pede B	Jinix (DNK)	1.0
Pede B	Niki Bernard	1.0
Pede B	Mista Mat	1.0
Pede B	Nappion	1.0
Pede B	Kasper Spez	1.0
Pede B	DJ Profile	1.0
Pede B	Bryxtofte	1.0
Pede B	NEMO (DNK)	1.0
Pede B	​hvem	1.0
Pede B	Kilo Peter	1.0
Pede B	Atilla	1.0
Pede B	Joan Ørting	1.0
Pede B	Frit Løb	1.0
Pede B	​supa (DNK)	1.0
Pede B	Claus Bergmann	1.0
Pede B	Kristian Funder	1.0
Pede B	HOST (dnk)	1.0
Pede B	MIC (DNK)	1.0
Pede B	Manndark	1.0
Pede B	Mc Einar	1.0
Xabski	BUBU (DNK)	1.0
Xabski	KEWAN LIGGER BEATET NORMALT	1.0
Xabski	Shakz	1.0
Xabski	Alasow	1.0
Xabski	Young Juu	1.0
Xabski	Cartel89	1.0
Xabski	T&O	1.0
Xabski	Palaze	1.0
Xabski	Bechir Chabbi	1.0
Xabski	PAY (DNK)	1.0
Xabski	Jimilian	1.0
Xabski	Sivas	1.0
Xabski	Papito (DNK)	1.0
Xabski	Jeppe Rønn	1.0
Xabski	PakiNextDoor	1.0
Xabski	Kephoi	1.0
Xabski	Mike Lowrey	1.0
Xabski	Asmus Harm	1.0
Xabski	Emil Harm	1.0
Xabski	Abcitoo	1.0
Xabski	Ozz6y	1.0
Xabski	I$WAAL	1.0
Xabski	Carl Sydow	1.0
Xabski	Victor Hejslet	1.0
Xabski	AK (DNK)	1.0
Xabski	Shooter Belly	1.0
Xabski	Bro	1.0
Xabski	AlsBeatz	1.0
Xabski	Can Cetin	1.0
Xabski	Baloosh	1.0
ICEKIID	Mo the Producer	1.0
ICEKIID	Slow-Mo	1.0
ICEKIID	Harm Brothers	1.0
ICEKIID	Okay Funky	1.0
ICEKIID	Nicki Pooyandeh	1.0
ICEKIID	Cannibal Records	1.0
ICEKIID	Hossy	1.0
ICEKIID	Arto Eriksen	1.0
ICEKIID	Hennedub	1.0
ICEKIID	Lamin	1.0
ICEKIID	KEWAN LIGGER BEATET NORMALT	1.0
ICEKIID	Emil Harm	1.0
ICEKIID	Asmus Harm	1.0
ICEKIID	Frost (DNK)	1.0
ICEKIID	MarcieFresh	1.0
ICEKIID	HaKeem	1.0
ICEKIID	J-Mix	1.0
ICEKIID	Marco Rahim	1.0
ICEKIID	Izhar Iz	1.0
ICEKIID	Amin A1	1.0
ICEKIID	GULEED	1.0
ICEKIID	T&O	1.0
ICEKIID	KJ	1.0
ICEKIID	Isam B	1.0
ICEKIID	Jay-B Bisgaard	1.0
ICEKIID	Saqib	1.0
ICEKIID	Naoui	1.0
ICEKIID	​wicky	1.0
ICEKIID	william (FIN)	1.0
ICEKIID	​takenoelz	1.0
ICEKIID	Pablo Paz	1.0
ICEKIID	Young Vibez Productions	1.0
ICEKIID	Elias Abbas	1.0
ICEKIID	K27	1.0
ICEKIID	Di Genius	1.0
ICEKIID	Benjamin Lasnier	1.0
ICEKIID	Pilfinger	1.0
ICEKIID	Diztortion	1.0
ICEKIID	P3 Din Gata	1.0
ICEKIID	Citybois	1.0
Malk De Koijn	Tue Track	1.0
Malk De Koijn	Blæs Bukki	1.0
Malk De Koijn	Geolo G	1.0
Malk De Koijn	Andullah S	1.0
Malk De Koijn	Malk de Koijn	1.0
Malk De Koijn	Jokeren	1.0
Malk De Koijn	Humleridderne	1.0
Malk De Koijn	Per Vers	1.0
Malk De Koijn	Klart Dér	1.0
Malk De Koijn	Isbjerg	1.0
Malk De Koijn	Kølig Kaj	1.0
Østkyst Hustlers	DJ Peyk	1.0
Østkyst Hustlers	Einar Enemark	1.0
Østkyst Hustlers	Jo-C-Fine	1.0
Østkyst Hustlers	Al Agami	1.0
Østkyst Hustlers	Humleridderne	1.0
Østkyst Hustlers	Kenneth K	1.0
Østkyst Hustlers	Camille Jones	1.0
Lord Siva	Vera	1.0
Lord Siva	Peter Lützen	1.0
Lord Siva	Pharfar	1.0
Lord Siva	Klumben	1.0
Lord Siva	Carsten Heller	1.0
Lord Siva	ELOQ	1.0
Lord Siva	Niels Brandt	1.0
Lord Siva	Jacob Bech-Hansen	1.0
Lord Siva	Hennedub	1.0
Lord Siva	Carl Barsk	1.0
Lord Siva	Fresh-I	1.0
Lord Siva	Noodle	1.0
Lord Siva	Stig Brenner	1.0
Lord Siva	Adam Hillebrandt	1.0
Lord Siva	Emil Falk	1.0
Lord Siva	Frederik Nordsø	1.0
Lord Siva	Fridolin Nordsø	1.0
Lord Siva	Musti Mousetee	1.0
Lord Siva	Jonathan Schultz (DNK)	1.0
Lord Siva	Matsmoments	1.0
Lord Siva	Andreas Murga	1.0
Lord Siva	Victor Groth	1.0
Lord Siva	Necklace	1.0
Lord Siva	​tais	1.0
Lord Siva	Jens Ole McCoy	1.0
Lord Siva	Nature Boy (DNK)	1.0
Lord Siva	Mads Muurholm	1.0
Lord Siva	Ella Augusta	1.0
Lord Siva	MAS	1.0
Lord Siva	Arto Eriksen	1.0
Lord Siva	Thomas Helmig	1.0
Lord Siva	Ben Legit	1.0
Lord Siva	Nicki Pooyandeh	1.0
Lord Siva	Yangze	1.0
Lord Siva	Mathias Klysner	1.0
Lord Siva	Danni Toma	1.0
Nixen	Albert (DNK)	1.0
Nixen	DJ Noize	1.0
Nixen	Novum	1.0
Nixen	Skurken	1.0
Nixen	MarcieFresh	1.0
Nixen	L.O.C.	1.0
Nixen	Kaaliyah	1.0
Nixen	David Benja	1.0
Nixen	Isaac Kasule	1.0
Nixen	Donny	1.0
Nixen	Dayzon	1.0
Nixen	Marwan	1.0
Nixen	4Pro	1.0
Nixen	Bai-D	1.0
Nixen	Gio (DNK)	1.0
Nixen	Hasan Shah	1.0
Nixen	Adam Hillebrandt	1.0
Nixen	DJ Rune (DNK)	1.0
Nixen	Alberte	1.0
Nixen	Loke Deph	1.0
Nixen	Mvh. Emil	1.0
Nixen	Mortito	1.0
Nixen	LuxXx	1.0
Nixen	Stik Op	1.0
Nixen	Marco Sewohl	1.0
Nixen	Esben “Es” Thornhal	1.0
Nixen	Semphiz	1.0
Nixen	Jens Frederik Wang	1.0
Jooks	Atilla	1.0
Jooks	Tue Track	1.0
Jooks	Orgi-E	1.0
Jooks	Jonathan Elkær	1.0
Jooks	Karen Rosenberg	1.0
Jooks	Jøden	1.0
Jooks	Jonny Hefty	1.0
Jooks	Jokeren	1.0
Jooks	Mikkel Mund	1.0
Jooks	Bai-D	1.0
Jooks	Tegnedrengen	1.0
Jooks	David Filskov	1.0
Jooks	Troo.L.S.	1.0
Jooks	Niarn	1.0
Jooks	Mester Jacob	1.0
Jooks	Peter Nørgaard	1.0
Jooks	Moses Fiellau-Nikolajsen	1.0
Jooks	Pelding	1.0
Jooks	THOR (producer)	1.0
Jooks	MC Jimmy	1.0
Jooks	Sphaeren	1.0
Jooks	Sund Fornuft	1.0
Jooks	René Cambony	1.0
Jooks	The Acorn	1.0
Jooks	Takt Og Tone	1.0
Jooks	Twajs	1.0
Jooks	KCL	1.0
Jooks	DJ Static (DNK)	1.0
Jooks	SuparDejen	1.0
Jooks	Cruz (DNK)	1.0
Jooks	Siegismund	1.0
Jooks	Nappion	1.0
Jooks	Jugs W.O.N.	1.0
Jooks	Humleridderne	1.0
Jooks	Rune Rask	1.0
ZK	PakiNextDoor	1.0
ZK	Sta2f	1.0
ZK	Sivas	1.0
ZK	SRVNY	1.0
ZK	ManLikeDeniz	1.0
ZK	David Dieu	1.0
ZK	KEWAN LIGGER BEATET NORMALT	1.0
ZK	AySay	1.0
ZK	RJacks & Masta	1.0
ZK	Gordon Ramz	1.0
ZK	Larry (DNK)	1.0
ZK	Fouli	1.0
ZK	Sidar Levira	1.0
ZK	Akhee	1.0
ZK	Apobeats (DNK)	1.0
ZK	Faustix	1.0
ZK	Navie	1.0
ZK	Oochie	1.0
ZK	Lorenzo Vizzini	1.0
ZK	Tag Team	1.0
ZK	Sachy Ramz	1.0
ZK	Mike Lowrey	1.0
ZK	OA453	1.0
ZK	ZK453	1.0
ZK	Balken	1.0
ZK	August Skovgaard Brinch	1.0
ZK	Albert Hogrefe Clausen	1.0
ZK	Ciampaz	1.0
ZK	Talk (Producer)	1.0
ZK	Shayan Nejad	1.0
ZK	Yungmadz	1.0
ZK	M4	1.0
ZK	DefBeats	1.0
ZK	Elias Roca	1.0
ZK	ElmoeDaDon	1.0
ZK	Moiyah	1.0
Rune Rask	Jonas Vestergaard	1.0
Rune Rask	Tabu	1.0
Rune Rask	Troo.L.S.	1.0
Rune Rask	Future Animals	1.0
Rune Rask	Krizz Kaliko	1.0
Rune Rask	Lukas Graham	1.0
Rune Rask	Lille Høg	1.0
Rune Rask	TooManyLeftHands	1.0
Rune Rask	Søren-William Hardam Nohns	1.0
Rune Rask	Esben Zefting	1.0
Rune Rask	Lounge Lizzards	1.0
Rune Rask	Tina Dickow	1.0
Rune Rask	Pitchshifters	1.0
Rune Rask	Lasse Lyngbo	1.0
Rune Rask	Simon Jul	1.0
Rune Rask	Fribytterdrømme	1.0
Rune Rask	Simon Kvamm	1.0
Rune Rask	David “Dehiro” Mørup	1.0
Rune Rask	Orgi-E	1.0
Rune Rask	USSEL	1.0
Rune Rask	Niklas	1.0
Rune Rask	Tue Track	1.0
Rune Rask	Olle Häggberg	1.0
Rune Rask	Albert (DNK)	1.0
Rune Rask	L.O.C.	1.0
Rune Rask	Rasmus Malone	1.0
Rune Rask	Redur Akram Hussein	1.0
Rune Rask	Ashibah	1.0
Rune Rask	KEWAN LIGGER BEATET NORMALT	1.0
Rune Rask	Livid	1.0
Rune Rask	Sivas	1.0
Rune Rask	Jonathan Elkær	1.0
Rune Rask	Anne Linnet	1.0
Rune Rask	USO	1.0
Rune Rask	Marwan	1.0
Rune Rask	Johan Olsen	1.0
Rune Rask	Prinz John	1.0
Rune Rask	Tech N9ne	1.0
Rune Rask	Hennedub	1.0
Rune Rask	Nella (DNK)	1.0
Rune Rask	Bjarke Winther	1.0
Rune Rask	MIKE SUMMERS	1.0
Rune Rask	​​andreas odbjerg	1.0
Rune Rask	Bai-D	1.0
Rune Rask	Alexander Malone	1.0
Rune Rask	Henrik Janson	1.0
Rune Rask	Simon Littauer	1.0
Rune Rask	MØ	1.0
Rune Rask	Scarlet Pleasure	1.0
Rune Rask	ELOQ	1.0
Rune Rask	Om’Mas Keith	1.0
Rune Rask	F.I.P.	1.0
Rune Rask	Helgi Jonsson	1.0
Rune Rask	Jokeren	1.0
Rune Rask	Ronni Vindahl	1.0
Rune Rask	HEDEGAARD	1.0
Rune Rask	Ivan Jackson	1.0
Rune Rask	Illpremizz	1.0
Rune Rask	Miles Blessing	1.0
Rune Rask	Aqua	1.0
Rune Rask	Søren Kjærgaard	1.0
Rune Rask	Louis Winding	1.0
Rune Rask	Clemens	1.0
Rune Rask	Kælderposen	1.0
Rune Rask	Jeppe Rapp	1.0
Rune Rask	Alex Ambrose	1.0
Rune Rask	Sachy Ramz	1.0
Rune Rask	Sidste Niveau	1.0
Rune Rask	Diego (DNK)	1.0
Rune Rask	Vincent Kottkamp	1.0
Rune Rask	Bryxtofte	1.0
Rune Rask	L:ron:harald	1.0
Rune Rask	​Johnson	1.0
Rune Rask	Niarn	1.0
Rune Rask	Mester Jacob	1.0
Rune Rask	Peter Sloth	1.0
Rune Rask	Wafande	1.0
Rune Rask	‎vol som	1.0
Rune Rask	Hampenberg	1.0
Rune Rask	Laurent Proneur	1.0
Rune Rask	Magnus Engelbrechtsen	1.0
Rune Rask	Sahra da Silva	1.0
Rune Rask	Mike Hawkins	1.0
Rune Rask	Søren Christensen	1.0
Rune Rask	Rune RK	1.0
Rune Rask	Xander Crxtical	1.0
Rune Rask	Frederik Scharff	1.0
Rune Rask	Alexander Skjold	1.0
Rune Rask	Sebastian Fogh	1.0
Rune Rask	Anders Hvass	1.0
Rune Rask	LAU IV	1.0
Mc Einar	Jørgen Juul	1.0
Mc Einar	DJ Peyk	1.0
Mc Einar	Einar Enemark	1.0
Mc Einar	MC Einar	1.0
Mc Einar	Jazzy H	1.0
Mc Einar	Bossy Bo	1.0
Mc Einar	Opiden	1.0
Mc Einar	Barbara Moleko	1.0
Mc Einar	Per Vers	1.0
Mc Einar	Khal Allan	1.0
Mc Einar	Mike Raw	1.0
Mc Einar	Nick Coldhands	1.0
Mc Einar	Jonny Hefty	1.0
Mc Einar	Fabeldyret	1.0
Mc Einar	Humme	1.0
Mc Einar	Solo Solito	1.0
Mc Einar	Kamilia Amélie	1.0
Mc Einar	Ash Beats Production	1.0
Mc Einar	J-Spliff	1.0
Mc Einar	Sticky Steph	1.0
Mc Einar	Jinix (DNK)	1.0
Mc Einar	Niki Bernard	1.0
Mc Einar	Cab (DNK)	1.0
Mc Einar	Mista Mat	1.0
Mc Einar	Nappion	1.0
Mc Einar	Kasper Spez	1.0
Mc Einar	DJ Profile	1.0
Mc Einar	LuxXx	1.0
Mc Einar	Esben “Es” Thornhal	1.0
Smøgmænd	Hieronymus Bosch (Rapper)	1.0
Smøgmænd	Pieter Claesz	1.0
USTABIL	Nikolai Højberg	1.0
Lil Mazda	OLIVVER	1.0
Lil Mazda	Ayy 131520	1.0
Lil Mazda	Valter Hvid	1.0
Lil Mazda	Yung Asti	1.0
Lil Mazda	Bby (DNK)	1.0
Lil Mazda	Lil Hawaii	1.0
Lil Mazda	Lille Høg	1.0
Lil Mazda	Sød Soba	1.0
Lil Mazda	Lille Fucker	1.0
Lil Mazda	Thomas Pozar	1.0
Lil Mazda	Lillebittebock	1.0
Lil Mazda	Gutterne	1.0
Lil Mazda	Mazdaholic	1.0
Lil Mazda	Eichen	1.0
Lil Mazda	Pind Diesel	1.0
Lil Mazda	Jenzo	1.0
Lil Mazda	Pis	1.0
BasedBoys	Mads Emil Heitmann	1.0
BasedBoys	Andreas Krüger	1.0
BasedBoys	MAAN (DNK)	1.0
BasedBoys	Sebastian Igens	1.0
BasedBoys	Carl Altino	1.0
BasedBoys	FisseFred	1.0
BasedBoys	Densygmike	1.0
Citybois	Carl Barsk	1.0
Citybois	Mads Lundegaard	1.0
Citybois	Jeppe London	1.0
Citybois	Skinz (DNK)	1.0
Citybois	SLY	1.0
Citybois	Rasmus Stabell	1.0
Citybois	Harm Brothers	1.0
Citybois	Lil Producer	1.0
Citybois	Young Bong	1.0
Citybois	Emil Stabil	1.0
Citybois	BUBU (DNK)	1.0
Citybois	LukasBL	1.0
Citybois	Hossy	1.0
Citybois	Michael Williams	1.0
Citybois	Providers	1.0
Citybois	Scarlet Pleasure	1.0
Citybois	David “Dehiro” Mørup	1.0
Citybois	Jonathan Elkær	1.0
Citybois	Frederik Nordsø	1.0
Citybois	Fridolin Nordsø	1.0
Citybois	Julius Aars	1.0
Citybois	Kristian Leth	1.0
Citybois	Tice (DNK)	1.0
Citybois	Louis Nordsø	1.0
Citybois	Ulrik Schultz	1.0
Jimilian	6ix9ine	1.0
Jimilian	Ceci Luca	1.0
Jimilian	Blak	1.0
Jimilian	TKD	1.0
Jimilian	HEDEGAARD	1.0
Jimilian	Fouli	1.0
Jimilian	BesiMadeThis	1.0
Jimilian	KEWAN LIGGER BEATET NORMALT	1.0
Jimilian	Naji The Pilot	1.0
Jimilian	Julian Barfoed	1.0
Jimilian	Gio (DNK)	1.0
Jimilian	Skinz (DNK)	1.0
Jimilian	Stine (DNK)	1.0
Jimilian	Daniel Davidsen	1.0
Jimilian	Mirza	1.0
Jimilian	Benjamin Lasnier	1.0
Jimilian	Emil Falk	1.0
Jimilian	Katie Keller	1.0
Jimilian	Apobeats (DNK)	1.0
Jimilian	ZEL	1.0
Jimilian	Dayme	1.0
Jimilian	Mohammedreza Khani	1.0
Jimilian	Reza	1.0
Jimilian	BUBU (DNK)	1.0
Jimilian	Poeten	1.0
Jimilian	Livid	1.0
Jimilian	Michael Pærremand	1.0
Jimilian	Heatmaky	1.0
Jimilian	Pilfinger	1.0
Jimilian	L.O.C.	1.0
Jimilian	Alex Skrindo	1.0
Jimilian	Slim Kofi	1.0
Baloosh	Mo-J (DNK)	1.0
Baloosh	Kulturen	1.0
Baloosh	Kephoi	1.0
Baloosh	Mike Lowrey	1.0
Baloosh	Omar (DNK)	1.0
Baloosh	Bechir Chabbi	1.0
Baloosh	Cha-D	1.0
Baloosh	TVRISMO	1.0
Baloosh	Shooter Gang	1.0
Baloosh	PAY (DNK)	1.0
Baloosh	Mikkel Wedel Bønløkke Larsen	1.0
Baloosh	Anders Mogensen	1.0
Baloosh	L.O.C.	1.0
Baloosh	BJØRN (DNK)	1.0
Baloosh	Herbio	1.0
Baloosh	Kasper Svare	1.0
Baloosh	Villads Sofus Bertelsen	1.0
Baloosh	Mekdes	1.0
Baloosh	Oochie	1.0
Baloosh	Jeppe Rønn	1.0
Baloosh	KEWAN LIGGER BEATET NORMALT	1.0
Baloosh	GUZO	1.0
Baloosh	Kamelen	1.0
Baloosh	August Møller Fogh	1.0
Phlake	Jonathan Elkær	1.0
Phlake	Troo.L.S.	1.0
Phlake	Louis Winding	1.0
Phlake	Alina Baraz	1.0
Phlake	Mercedes the Virus	1.0
Phlake	Chris Lake	1.0
Phlake	Vera	1.0
Phlake	Coco O.	1.0
Phlake	Robin Hannibal	1.0
Phlake	Awinbeh	1.0
Phlake	Esthero	1.0
Phlake	Che Lingo	1.0
Phlake	Jada	1.0
Phlake	August Møller Fogh	1.0
Phlake	Joeboy	1.0
Phlake	Gorgeous (DNK)	1.0
Phlake	​eee gee	1.0
Phlake	Soon (DNK)	1.0
Phlake	Selma Higgins	1.0
Phlake	ILMA (DNK)	1.0
